# Blender 5.2.0 LTS
# www.blender.org
mtllib ChibiPuppySketchfab.mtl
o Head
v -3.848391 6.231009 10.225583
v -3.204168 12.219153 9.415257
v -3.848391 6.505139 2.645844
v -3.204168 12.441689 3.262146
v 3.848391 6.231009 10.225583
v 3.204168 12.219153 9.415257
v 3.848391 6.505139 2.645845
v 3.204167 12.441689 3.262146
v -4.493362 6.015203 4.176005
v -4.823936 5.714792 6.446343
v -4.493363 5.851241 8.709573
v -4.248238 7.429924 10.579845
v -4.299014 9.197872 10.572760
v -3.833046 10.984012 10.062568
v -3.587921 12.699915 8.138691
v -3.774091 12.983702 6.328072
v -3.587921 12.830625 4.524561
v -3.833046 11.251941 2.654289
v -4.299013 9.500624 2.201655
v -4.248237 7.731108 2.252128
v 2.299736 6.093630 2.007515
v -0.000000 5.887189 1.679573
v -2.299736 6.093630 2.007516
v -1.884546 12.889421 2.898900
v -0.000000 13.114058 2.723738
v 1.884545 12.889421 2.898900
v 3.833046 11.251941 2.654289
v 4.299013 9.500624 2.201655
v 4.248237 7.731108 2.252128
v 4.493362 5.851241 8.709573
v 4.823935 5.714791 6.446344
v 4.493362 6.015203 4.176006
v 3.587920 12.830625 4.524561
v 3.774091 12.983702 6.328072
v 3.587921 12.699915 8.138690
v 3.833046 10.984012 10.062568
v 4.299013 9.197872 10.572760
v 4.248237 7.429924 10.579845
v -2.299737 5.772816 10.878061
v -0.000000 5.542395 11.213114
v 2.299736 5.772816 10.878062
v 1.884545 12.641122 9.764352
v -0.000000 12.853347 9.932405
v -1.884546 12.641122 9.764352
v -5.452109 7.381437 8.706532
v -5.513893 9.266518 8.674692
v -4.830379 11.160034 8.409620
v -5.874777 7.362947 6.419526
v -5.920667 9.349248 6.387208
v -5.153009 11.335546 6.354888
v -5.452108 7.546981 4.129225
v -5.513893 9.431978 4.099723
v -4.830379 11.308539 4.303452
v -2.336093 7.657690 1.068120
v -2.349493 9.543403 1.018840
v -2.123340 11.402869 1.695186
v -0.000000 7.571554 0.651570
v -0.000000 9.557725 0.622801
v -0.000000 11.515247 1.386109
v 2.336092 7.657690 1.068121
v 2.349492 9.543403 1.018840
v 2.123340 11.402869 1.695187
v 5.452108 7.546981 4.129225
v 5.513893 9.431978 4.099723
v 4.830379 11.308539 4.303452
v 5.874776 7.362948 6.419526
v 5.920666 9.349248 6.387208
v 5.153008 11.335546 6.354888
v 5.452108 7.381437 8.706532
v 5.513892 9.266518 8.674692
v 4.830379 11.160034 8.409620
v 2.336092 7.270726 11.767638
v 2.349492 9.155093 11.755576
v 2.123339 11.065702 11.017886
v -0.000000 7.154343 12.187482
v -0.000000 9.140771 12.151614
v -0.000000 11.155843 11.323669
v -2.336093 7.270726 11.767638
v -2.349493 9.155093 11.755576
v -2.123341 11.065702 11.017886
v -2.540581 5.093718 3.942856
v -0.000000 4.784894 3.775984
v 2.540581 5.093718 3.942856
v -2.710377 4.687712 6.463055
v -0.000000 4.343821 6.468650
v 2.710376 4.687712 6.463055
v -2.540581 4.911797 8.973002
v -0.000000 4.590532 9.150126
v 2.540581 4.911797 8.973002
v 1.918851 13.761802 4.489821
v -0.000000 14.079061 4.423464
v -1.918852 13.761802 4.489821
v 1.988608 14.010782 6.311360
v -0.000000 14.354675 6.305764
v -1.988609 14.010782 6.311360
v 1.918851 13.629674 8.143151
v -0.000000 13.942504 8.199255
v -1.918852 13.629674 8.143151
v 5.666441 8.145448 5.897883
v 6.407127 8.145950 6.598893
v 5.978995 8.938587 6.944243
v 5.344593 8.938156 6.343824
v 6.937722 9.356902 5.183437
v 7.049706 9.356978 5.289421
v 7.001195 9.494100 5.340577
v 6.889213 9.494023 5.234593
v 6.414507 7.015120 5.274256
v 6.989477 7.015511 5.818426
v 7.220027 7.732427 5.574312
v 6.645058 7.732036 5.030142
v 7.470537 6.384093 4.622595
v 7.582520 6.384168 4.728579
v 7.651629 6.501015 4.655475
v 7.539645 6.500938 4.549491
v 5.544081 7.004681 5.811636
v 6.500790 7.005330 6.717095
v 5.669890 5.566541 5.861544
v 6.445068 5.567069 6.595198
v 7.024093 6.222057 5.982930
v 6.248913 6.221530 5.249278
v 6.451865 4.883596 5.700001
v 6.563848 4.883673 5.805985
v 6.665036 4.929450 5.699036
v 6.553052 4.929372 5.593052
v 4.894567 5.850219 6.570911
v 5.779216 5.850821 7.408170
v 4.775842 5.099111 7.123977
v 5.234056 5.099422 7.557643
v 5.633104 5.346124 7.135830
v 5.174891 5.345813 6.702164
v 5.067445 4.293103 7.163201
v 5.179429 4.293180 7.269185
v 5.285311 4.286350 7.157314
v 5.173328 4.286274 7.051331
v 4.392153 5.431830 7.315219
v 5.095002 5.432308 7.980417
v 6.202655 8.690274 5.668852
v 6.605931 8.690548 6.050524
v 6.431235 9.184357 6.234752
v 6.027961 9.184082 5.853080
v 6.496279 8.956560 5.474952
v 6.783197 8.956755 5.746501
v 6.658906 9.308084 5.877573
v 6.371990 9.307889 5.606025
v 6.732481 9.170769 5.318974
v 6.925796 9.170899 5.501934
v 6.842053 9.407612 5.590247
v 6.648737 9.407481 5.407286
v 6.840848 6.772388 5.026524
v 7.213560 6.772642 5.379268
v 7.443571 7.161535 5.135959
v 7.070860 7.161281 4.783214
v 7.091425 6.617871 4.865786
v 7.360381 6.618055 5.120336
v 7.526365 6.898690 4.944758
v 7.257407 6.898508 4.690207
v 7.293979 6.492967 4.735852
v 7.479067 6.493093 4.911026
v 7.593290 6.686217 4.790198
v 7.408201 6.686090 4.615025
v 6.086775 6.981441 5.500390
v 6.781734 6.981912 6.158121
v 6.889567 7.925742 6.043507
v 6.194608 7.925269 5.385776
v 6.175947 5.162560 5.773860
v 6.505075 5.162785 6.085358
v 6.802480 5.297327 5.771024
v 6.473351 5.297103 5.459526
v 4.914581 4.760220 7.152677
v 5.198010 4.760413 7.420922
v 5.465999 4.743130 7.137778
v 5.182570 4.742937 6.869531
v 4.998613 4.503439 7.158463
v 5.187796 4.503568 7.337510
v 5.366671 4.492030 7.148517
v 5.177489 4.491901 6.969470
v 2.682344 7.761312 9.945524
v -5.666441 8.145448 5.897883
v -6.407128 8.145950 6.598893
v -5.978996 8.938587 6.944243
v -5.344594 8.938156 6.343824
v -6.937722 9.356902 5.183436
v -7.049706 9.356978 5.289420
v -7.001195 9.494100 5.340577
v -6.889213 9.494023 5.234593
v -6.414507 7.015120 5.274255
v -6.989477 7.015511 5.818425
v -7.220027 7.732427 5.574311
v -6.645058 7.732036 5.030141
v -7.470537 6.384093 4.622594
v -7.582520 6.384168 4.728578
v -7.651629 6.501015 4.655475
v -7.539645 6.500938 4.549490
v -5.544081 7.004681 5.811636
v -6.500791 7.005330 6.717095
v -5.669890 5.566541 5.861544
v -6.445069 5.567069 6.595198
v -7.024093 6.222057 5.982930
v -6.248913 6.221530 5.249277
v -6.451865 4.883596 5.700000
v -6.563848 4.883673 5.805985
v -6.665036 4.929450 5.699035
v -6.553052 4.929372 5.593052
v -4.894568 5.850219 6.570911
v -5.779217 5.850821 7.408170
v -4.775843 5.099111 7.123977
v -5.234056 5.099422 7.557643
v -5.633105 5.346124 7.135830
v -5.174891 5.345813 6.702164
v -5.067446 4.293101 7.163201
v -5.179430 4.293180 7.269185
v -5.285312 4.286350 7.157314
v -5.173328 4.286274 7.051331
v -4.392154 5.431830 7.315219
v -5.095003 5.432308 7.980417
v -6.202655 8.690274 5.668852
v -6.605931 8.690548 6.050523
v -6.431236 9.184357 6.234751
v -6.027961 9.184082 5.853080
v -6.496279 8.956560 5.474951
v -6.783197 8.956755 5.746500
v -6.658906 9.308084 5.877572
v -6.371990 9.307889 5.606024
v -6.732481 9.170769 5.318973
v -6.925796 9.170899 5.501933
v -6.842053 9.407612 5.590246
v -6.648737 9.407481 5.407285
v -6.840848 6.772388 5.026523
v -7.213560 6.772642 5.379267
v -7.443571 7.161535 5.135958
v -7.070860 7.161281 4.783214
v -7.091425 6.617871 4.865786
v -7.360381 6.618055 5.120335
v -7.526365 6.898690 4.944757
v -7.257407 6.898508 4.690207
v -7.293979 6.492967 4.735852
v -7.479067 6.493093 4.911026
v -7.593290 6.686217 4.790197
v -7.408201 6.686090 4.615024
v -6.086775 6.981441 5.500390
v -6.781734 6.981912 6.158121
v -6.889567 7.925742 6.043507
v -6.194608 7.925269 5.385776
v -6.175947 5.162560 5.773860
v -6.505076 5.162784 6.085357
v -6.802480 5.297327 5.771023
v -6.473351 5.297103 5.459525
v -4.914582 4.760220 7.152677
v -5.198011 4.760413 7.420922
v -5.466000 4.743130 7.137778
v -5.182570 4.742937 6.869531
v -4.998614 4.503439 7.158463
v -5.187796 4.503568 7.337510
v -5.366672 4.492030 7.148517
v -5.177490 4.491901 6.969470
v -2.682345 7.761312 9.945524
v -6.132985 -4.063977 -5.516686
v -6.381804 -2.440855 -5.479009
v -7.795773 -2.702181 -4.430849
v -7.571646 -4.250560 -4.535177
v -9.043099 -3.755933 -7.480803
v -9.080894 -3.510559 -7.475294
v -9.236569 -3.538831 -7.283896
v -9.198777 -3.784205 -7.289405
v -4.487213 -3.592783 -7.150475
v -4.680364 -2.332809 -7.121227
v -5.885954 -2.508899 -7.497052
v -5.692802 -3.768875 -7.526300
v -3.840937 -2.926847 -9.191601
v -3.878555 -2.681452 -9.185905
v -4.085400 -2.710041 -9.320313
v -4.047781 -2.955436 -9.326008
v -4.183718 -4.010899 -5.585939
v -4.505107 -1.914392 -5.537271
v -3.135630 -3.791745 -3.526264
v -3.388288 -2.083236 -3.438805
v -1.959047 -3.456995 -5.981666
v -2.219455 -1.758291 -5.942235
v -3.441864 -1.917874 -7.140238
v -3.181457 -3.616578 -7.179669
v -1.141614 -2.560182 -7.161200
v -1.179233 -2.314786 -7.155504
v -1.284603 -2.325725 -7.380100
v -1.246984 -2.571121 -7.385797
v -2.151208 -3.649483 -4.249786
v -2.448390 -1.710888 -4.204785
v -4.483803 -2.218028 -3.970450
v -4.231145 -3.926536 -4.057910
v -0.929835 -2.998038 -3.635506
v -1.083763 -1.993923 -3.612197
v -1.603601 -2.053393 -4.483243
v -1.449672 -3.057509 -4.506552
v 0.243594 -2.419349 -4.080416
v 0.205976 -2.173953 -4.074719
v 0.181973 -2.171895 -4.321876
v 0.219591 -2.417291 -4.327571
v -1.001479 -3.202547 -2.857344
v -1.201895 -1.876943 -2.827004
v -5.955859 -2.451081 -3.670359
v -5.703200 -4.159590 -3.757820
v -7.057827 -2.631954 -3.320481
v -6.805170 -4.340462 -3.407941
v -1.878996 -3.550524 -2.058620
v -2.096381 -2.080539 -1.983370
v -9.080381 -3.848773 -0.909096
v -9.049980 -4.094359 -0.929816
v -9.276549 -4.113995 -1.029549
v -9.306952 -3.868408 -1.008828
v -7.285720 -3.953388 -6.668275
v -7.458396 -2.829413 -6.642639
v -8.280685 -2.973364 -5.870038
v -8.108008 -4.097339 -5.895672
v -8.089997 -3.215096 -2.395487
v -7.951166 -4.217476 -2.444948
v -8.771422 -4.265986 -3.068165
v -8.901329 -3.264607 -2.973425
v -8.124112 -3.859243 -7.048423
v -8.232620 -3.154714 -7.032607
v -8.679606 -3.235894 -6.483063
v -8.571097 -3.940423 -6.498877
v -8.420226 -3.817304 -7.176137
v -8.503270 -3.278117 -7.164032
v -8.845354 -3.340245 -6.743457
v -8.762311 -3.879432 -6.755561
v -8.776245 -3.800573 -7.377285
v -8.839123 -3.392310 -7.368120
v -9.098144 -3.439352 -7.049669
v -9.035265 -3.847615 -7.058834
v -4.245304 -3.310115 -7.953665
v -4.370510 -2.493368 -7.934707
v -5.058944 -2.588518 -8.382050
v -4.933738 -3.405266 -8.401010
v -4.084392 -3.157600 -8.446284
v -4.174744 -2.568212 -8.432603
v -4.671535 -2.636876 -8.755418
v -4.581185 -3.226263 -8.769100
v -3.954317 -3.034312 -8.844495
v -4.016494 -2.628714 -8.835081
v -4.358372 -2.675967 -9.057232
v -4.296194 -3.081564 -9.066648
v -4.326133 -3.716896 -6.539854
v -4.559592 -2.193981 -6.504501
v -6.082514 -2.426496 -6.545292
v -5.849055 -3.949409 -6.580644
v -1.489972 -2.867547 -6.716591
v -1.600536 -2.146304 -6.699850
v -1.910231 -2.178457 -7.359965
v -1.799666 -2.899699 -7.376708
v -0.441852 -2.722713 -3.825376
v -0.537064 -2.101615 -3.810958
v -0.597817 -2.096406 -4.436512
v -0.502605 -2.717504 -4.450929
v -0.065052 -2.555948 -3.965575
v -0.128603 -2.141380 -3.955951
v -0.169155 -2.137904 -4.373495
v -0.105603 -2.552473 -4.383118
v -8.471991 -3.473282 -1.813995
v -8.387383 -4.156699 -1.871653
v -9.017882 -4.211336 -2.149188
v -9.102490 -3.527922 -2.091528
v -8.711565 -3.621145 -1.457660
v -8.648304 -4.132151 -1.500773
v -9.119742 -4.173006 -1.708291
v -9.183002 -3.662000 -1.665179
v -8.907831 -3.742275 -1.165742
v -8.862053 -4.112040 -1.196937
v -9.203188 -4.141603 -1.347097
v -9.248962 -3.771839 -1.315902
v -7.775929 -2.983020 -2.891128
v -7.583694 -4.282941 -2.957671
v -8.296732 -4.289824 -3.700472
v -8.475636 -2.991397 -3.566267
v -6.822713 -3.940642 -6.068631
v -7.008274 -2.730186 -6.040530
v -7.995711 -2.897927 -5.335361
v -7.810149 -4.108384 -5.363461
v -0.471663 -3.145678 -2.266607
v -0.672079 -1.820075 -2.236268
v -1.566565 -2.023670 -1.392633
v -1.349180 -3.493654 -1.467883
v 2.405345 13.913713 9.669976
v 6.186667 15.128952 7.375761
v 4.134562 11.665528 10.542673
v 7.454629 12.906979 8.488853
v 5.147892 10.502356 10.891714
v 7.819078 11.349257 9.659357
v 6.291742 9.208941 11.265103
v 7.837308 9.882739 10.609161
v 7.441481 8.321153 11.206493
v 2.883415 13.344972 6.370940
v 3.923058 12.261303 5.701198
v 1.203556 13.645548 7.763404
v 4.075469 12.093037 5.004292
v 2.081696 13.403496 9.329564
v 6.284733 14.447029 7.306500
v 4.018217 11.489254 10.134199
v 7.245799 12.690952 8.317997
v 4.884213 10.225490 10.629375
v 7.701151 11.118007 9.382718
v 6.130350 8.980627 11.009680
v 7.706377 9.688203 10.312207
v 7.356832 8.190298 11.038336
v 1.479636 13.792603 7.556887
v 5.011923 15.349865 9.340127
v 6.770908 13.186335 10.579218
v 7.073985 11.684726 11.003369
v 7.370055 9.969796 11.279073
v 1.423840 13.691298 8.100129
v 4.415225 13.219170 5.826220
v 4.699672 13.439487 5.403426
v 3.502202 14.777769 7.090292
v 1.911416 14.033135 7.997087
v 2.691979 13.678461 9.350167
v 5.878096 14.795226 7.557944
v 4.361327 11.678157 10.108857
v 6.994713 12.768374 8.583955
v 5.354806 10.539439 10.449460
v 7.331650 11.302567 9.662959
v 6.440722 9.310594 10.809855
v 7.354427 9.897896 10.529321
v 7.184371 8.585896 10.884648
v 3.101665 13.064005 6.707397
v 3.516978 12.491640 5.553472
v 1.450660 13.226113 7.710568
v 3.717606 12.100391 5.338446
v 2.469060 13.295908 9.050007
v 5.893140 14.504285 7.594867
v 4.353705 11.646572 9.814076
v 6.845418 12.705050 8.599557
v 5.199094 10.382573 10.288855
v 7.255925 11.193447 9.572088
v 6.370120 9.197648 10.641995
v 7.247395 9.810518 10.431175
v 7.188856 8.575023 10.786246
v 1.733044 13.387525 7.664006
v 4.966822 14.906385 9.137468
v 6.545105 12.947693 10.216119
v 6.856110 11.535153 10.591134
v 7.150409 9.903483 10.846480
v 1.723743 13.320245 7.989875
v 3.980274 13.443878 5.836392
v 4.475550 13.296470 5.814637
v 3.669805 14.357317 7.277129
v 2.193808 13.633451 8.014028
v -2.405346 13.913713 9.669976
v -6.186668 15.128952 7.375761
v -4.134563 11.665528 10.542673
v -7.454629 12.906979 8.488853
v -5.147892 10.502356 10.891714
v -7.819078 11.349257 9.659357
v -6.291743 9.208941 11.265103
v -7.837308 9.882739 10.609161
v -7.441481 8.321153 11.206493
v -2.883416 13.344972 6.370940
v -3.923058 12.261303 5.701198
v -1.203557 13.645548 7.763404
v -4.075469 12.093037 5.004292
v -2.081697 13.403496 9.329564
v -6.284734 14.447029 7.306500
v -4.018218 11.489254 10.134199
v -7.245799 12.690952 8.317997
v -4.884214 10.225490 10.629375
v -7.701151 11.118007 9.382718
v -6.130351 8.980627 11.009680
v -7.706377 9.688203 10.312207
v -7.356832 8.190298 11.038336
v -1.479637 13.792603 7.556887
v -5.011924 15.349865 9.340127
v -6.770908 13.186335 10.579218
v -7.073985 11.684726 11.003369
v -7.370055 9.969796 11.279073
v -1.423841 13.691298 8.100129
v -4.415225 13.219170 5.826220
v -4.699672 13.439487 5.403426
v -3.502203 14.777769 7.090292
v -1.911417 14.033135 7.997087
v -2.691980 13.678461 9.350167
v -5.878097 14.795226 7.557944
v -4.361328 11.678157 10.108857
v -6.994713 12.768374 8.583955
v -5.354807 10.539437 10.449460
v -7.331650 11.302567 9.662959
v -6.440723 9.310594 10.809855
v -7.354427 9.897896 10.529321
v -7.184371 8.585896 10.884648
v -3.101666 13.064005 6.707397
v -3.516978 12.491640 5.553472
v -1.450660 13.226113 7.710568
v -3.717606 12.100391 5.338446
v -2.469061 13.295908 9.050007
v -5.893141 14.504285 7.594867
v -4.353706 11.646572 9.814076
v -6.845418 12.705050 8.599557
v -5.199095 10.382573 10.288855
v -7.255925 11.193447 9.572088
v -6.370121 9.197648 10.641995
v -7.247395 9.810518 10.431175
v -7.188856 8.575023 10.786246
v -1.733045 13.387525 7.664006
v -4.966823 14.906385 9.137468
v -6.545105 12.947693 10.216119
v -6.856110 11.535153 10.591134
v -7.150409 9.903483 10.846480
v -1.723744 13.320245 7.989875
v -3.980274 13.443878 5.836392
v -4.475550 13.296470 5.814637
v -3.669806 14.357317 7.277129
v -2.193809 13.633451 8.014028
v 1.583319 9.898326 11.979650
v 1.610915 10.164590 11.880260
v 1.712695 10.388324 11.755407
v 1.876202 10.556699 11.615741
v 2.088980 10.656886 11.471895
v 2.338570 10.676061 11.334512
v 2.592363 10.608028 11.222719
v 2.816841 10.465398 11.150124
v 2.998187 10.263551 11.119089
v 3.122586 10.017862 11.131979
v 3.176222 9.743714 11.191160
v 3.148626 9.477448 11.290552
v 3.046846 9.253715 11.415401
v 2.883339 9.085340 11.555072
v 2.670561 8.985152 11.698917
v 2.420971 8.965978 11.836298
v 2.167178 9.034013 11.948093
v 1.942701 9.176641 12.020688
v 1.761354 9.378489 12.051723
v 1.636955 9.624176 12.038832
v 2.249371 9.083828 12.104370
v 2.503164 9.015796 11.992579
v 2.752754 9.034968 11.855197
v 2.965532 9.135158 11.711349
v 3.129040 9.303532 11.571681
v 3.230820 9.527266 11.446830
v 3.258415 9.793530 11.347440
v 3.204780 10.067680 11.288259
v 3.080380 10.313367 11.275368
v 2.899034 10.515215 11.306400
v 2.674556 10.657842 11.378997
v 2.420764 10.725878 11.490790
v 2.171173 10.706704 11.628174
v 1.958395 10.606517 11.772018
v 1.794888 10.438140 11.911688
v 1.693109 10.214405 12.036537
v 1.665512 9.948141 12.135929
v 1.719149 9.673989 12.195110
v 1.843547 9.428305 12.208001
v 2.024894 9.226457 12.176967
v 0.759602 9.366754 11.607955
v 0.814794 9.899283 11.409172
v 1.018354 10.346750 11.159472
v 1.345369 10.683501 10.880136
v 1.770924 10.883878 10.592443
v 2.270104 10.922227 10.317678
v 2.777690 10.786158 10.094093
v 3.226645 10.500901 9.948900
v 3.589338 10.097205 9.886831
v 3.838137 9.605831 9.912612
v 3.945408 9.057533 10.030976
v 3.890217 8.525002 10.229759
v 3.686657 8.077535 10.479459
v 3.359642 7.740786 10.758796
v 2.934087 7.540407 11.046488
v 2.434906 7.502060 11.321253
v 1.927320 7.638126 11.544840
v 1.478366 7.923387 11.690031
v 1.115672 8.327081 11.752101
v 0.866873 8.818456 11.726319
v 3.262861 7.739676 11.671602
v 3.688416 7.940052 11.383909
v 4.015431 8.276803 11.104573
v 4.218991 8.724271 10.854872
v 4.274182 9.256802 10.656089
v 4.166911 9.805099 10.537728
v 3.918112 10.296474 10.511946
v 3.555419 10.700169 10.574015
v 3.106464 10.985428 10.719207
v 2.598879 11.121494 10.942793
v 2.099698 11.083145 11.217558
v 1.674143 10.882771 11.505249
v 1.347128 10.546019 11.784585
v 1.143568 10.098551 12.034286
v 1.088377 9.566022 12.233069
v 1.195647 9.017723 12.351432
v 1.444446 8.526347 12.377214
v 1.807140 8.122654 12.315145
v 2.256094 7.837395 12.169952
v 2.763680 7.701329 11.946366
v 1.088165 9.569069 12.243490
v 1.137837 10.048344 12.064588
v 1.321042 10.451065 11.839858
v 1.615354 10.754141 11.588455
v 1.998353 10.934480 11.329531
v 2.447617 10.968993 11.082243
v 2.904443 10.846535 10.881016
v 3.308503 10.589799 10.750343
v 3.634927 10.226477 10.694480
v 3.858845 9.784238 10.717685
v 3.955389 9.290769 10.824211
v 3.905717 8.811492 11.003116
v 3.722513 8.408774 11.227845
v 3.428200 8.105696 11.479248
v 3.045200 7.925358 11.738172
v 2.595938 7.890845 11.985458
v 2.139111 8.013306 12.186687
v 1.735051 8.270038 12.317360
v 1.408628 8.633364 12.373221
v 1.184709 9.075603 12.350019
v 2.213085 8.058141 12.327338
v 2.669912 7.935681 12.126109
v 3.119174 7.970193 11.878821
v 3.502174 8.150532 11.619899
v 3.796487 8.453609 11.368496
v 3.979691 8.856329 11.143766
v 4.029364 9.335605 10.964862
v 3.932820 9.829073 10.858335
v 3.708901 10.271312 10.835131
v 3.382477 10.634634 10.890993
v 2.978417 10.891370 11.021666
v 2.521591 11.013828 11.222893
v 2.072328 10.979315 11.470182
v 1.689328 10.798977 11.729104
v 1.395016 10.495900 11.980507
v 1.211812 10.093181 12.205238
v 1.162139 9.613906 12.384143
v 1.258683 9.120439 12.490668
v 1.482602 8.678200 12.513872
v 1.809025 8.314874 12.458011
v -1.583320 9.898326 11.979650
v -1.610916 10.164590 11.880260
v -1.712696 10.388324 11.755407
v -1.876203 10.556699 11.615741
v -2.088981 10.656886 11.471895
v -2.338572 10.676061 11.334512
v -2.592364 10.608028 11.222719
v -2.816842 10.465398 11.150124
v -2.998188 10.263551 11.119089
v -3.122587 10.017862 11.131979
v -3.176223 9.743714 11.191160
v -3.148628 9.477448 11.290552
v -3.046847 9.253715 11.415401
v -2.883340 9.085340 11.555072
v -2.670562 8.985152 11.698917
v -2.420972 8.965978 11.836298
v -2.167179 9.034013 11.948093
v -1.942702 9.176641 12.020688
v -1.761355 9.378489 12.051723
v -1.636956 9.624176 12.038832
v -2.249372 9.083828 12.104370
v -2.503165 9.015796 11.992579
v -2.752756 9.034968 11.855197
v -2.965533 9.135158 11.711349
v -3.129041 9.303532 11.571681
v -3.230821 9.527266 11.446830
v -3.258417 9.793530 11.347440
v -3.204781 10.067680 11.288259
v -3.080382 10.313367 11.275368
v -2.899035 10.515215 11.306400
v -2.674557 10.657842 11.378997
v -2.420765 10.725878 11.490790
v -2.171174 10.706704 11.628174
v -1.958396 10.606517 11.772018
v -1.794890 10.438140 11.911688
v -1.693110 10.214405 12.036537
v -1.665514 9.948141 12.135929
v -1.719150 9.673989 12.195110
v -1.843549 9.428305 12.208001
v -2.024895 9.226457 12.176967
v -0.759603 9.366754 11.607955
v -0.814795 9.899283 11.409172
v -1.018355 10.346750 11.159472
v -1.345369 10.683501 10.880136
v -1.770925 10.883878 10.592443
v -2.270106 10.922226 10.317678
v -2.777691 10.786158 10.094093
v -3.226646 10.500901 9.948900
v -3.589339 10.097205 9.886831
v -3.838137 9.605831 9.912612
v -3.945409 9.057533 10.030976
v -3.890218 8.525002 10.229759
v -3.686658 8.077535 10.479459
v -3.359643 7.740784 10.758796
v -2.934088 7.540407 11.046488
v -2.434907 7.502060 11.321253
v -1.927322 7.638126 11.544840
v -1.478366 7.923387 11.690031
v -1.115673 8.327081 11.752101
v -0.866874 8.818456 11.726319
v -3.262862 7.739676 11.671602
v -3.688416 7.940052 11.383909
v -4.015431 8.276803 11.104573
v -4.218992 8.724271 10.854872
v -4.274183 9.256802 10.656089
v -4.166912 9.805099 10.537728
v -3.918113 10.296474 10.511946
v -3.555420 10.700169 10.574015
v -3.106465 10.985428 10.719207
v -2.598880 11.121494 10.942793
v -2.099699 11.083145 11.217558
v -1.674144 10.882771 11.505249
v -1.347129 10.546019 11.784585
v -1.143569 10.098551 12.034286
v -1.088377 9.566022 12.233069
v -1.195648 9.017723 12.351432
v -1.444447 8.526347 12.377214
v -1.807141 8.122654 12.315145
v -2.256096 7.837395 12.169952
v -2.763681 7.701329 11.946366
v -1.088166 9.569069 12.243490
v -1.137838 10.048344 12.064588
v -1.321043 10.451065 11.839858
v -1.615355 10.754141 11.588455
v -1.998355 10.934480 11.329531
v -2.447618 10.968993 11.082243
v -2.904444 10.846535 10.881016
v -3.308503 10.589799 10.750343
v -3.634928 10.226477 10.694480
v -3.858846 9.784238 10.717685
v -3.955390 9.290769 10.824211
v -3.905718 8.811492 11.003116
v -3.722514 8.408772 11.227845
v -3.428201 8.105696 11.479248
v -3.045201 7.925358 11.738172
v -2.595939 7.890845 11.985458
v -2.139112 8.013306 12.186687
v -1.735052 8.270038 12.317360
v -1.408629 8.633364 12.373221
v -1.184710 9.075603 12.350019
v -2.213086 8.058141 12.327338
v -2.669914 7.935681 12.126109
v -3.119176 7.970193 11.878821
v -3.502175 8.150532 11.619899
v -3.796488 8.453609 11.368496
v -3.979692 8.856329 11.143766
v -4.029365 9.335605 10.964862
v -3.932820 9.829073 10.858335
v -3.708902 10.271312 10.835131
v -3.382478 10.634634 10.890993
v -2.978419 10.891370 11.021666
v -2.521593 11.013828 11.222893
v -2.072329 10.979315 11.470182
v -1.689330 10.798977 11.729104
v -1.395017 10.495900 11.980507
v -1.211812 10.093181 12.205238
v -1.162140 9.613906 12.384143
v -1.258684 9.120439 12.490668
v -1.482603 8.678200 12.513872
v -1.809027 8.314874 12.458011
v 2.412531 1.357805 4.621463
v 2.487978 3.070076 1.729227
v 1.407564 4.932907 5.361569
v 1.407564 5.475358 3.336911
v 2.875828 -4.004607 1.112715
v 2.381387 -3.719172 -1.693691
v 1.694830 3.348188 4.644492
v 1.740719 4.216027 2.826907
v 2.517558 -0.663132 2.413992
v 2.360154 1.910614 0.438772
v -0.000000 5.617113 2.660933
v -0.000000 4.790720 6.049525
v 0.000000 -3.921354 2.030879
v 0.000000 -3.950662 -2.198812
v -0.000000 3.129869 5.247982
v -0.000000 1.037490 5.193879
v -0.000000 4.484390 2.178436
v -0.000000 3.690215 0.985591
v -0.000000 -1.327541 2.712049
v -0.000000 2.704367 -0.185360
v 1.287112 -3.580602 5.708069
v 0.068344 -3.580602 5.255076
v 0.608484 -3.837858 3.801838
v 1.827252 -3.837858 4.254831
v 1.446021 -2.790231 4.898253
v 0.476929 -2.790231 4.538061
v 0.802020 -3.154368 3.663408
v 1.771112 -3.154368 4.023600
v 0.000000 -1.653083 2.497624
v 0.000000 -1.196094 -2.790680
v 2.611746 -1.438913 -1.810780
v 2.961911 -1.985788 1.046845
v 1.159173 -4.097312 5.562147
v 0.260532 -4.097312 5.228139
v 0.686568 -4.294770 4.081895
v 1.585209 -4.294770 4.415903
v 4.614161 -2.674951 3.880919
v 3.541261 -2.458986 4.582947
v 3.204488 -3.991068 4.539577
v 4.277387 -4.207034 3.837549
v 3.895531 -3.151978 3.176063
v 3.042426 -2.980256 3.734274
v 2.920129 -3.994906 3.859508
v 3.773235 -4.166627 3.301299
v 4.695192 -2.887823 4.386514
v 3.904105 -2.728585 4.904144
v 3.632760 -3.936428 4.861020
v 4.423847 -4.095667 4.343390
v 3.706388 -2.726513 2.352870
v 2.527800 -2.488297 3.160485
v 2.099893 -3.913155 2.960392
v 3.275543 -4.150130 2.178988
v 1.673360 -1.959282 4.758372
v 0.399932 -1.959282 4.285063
v 0.809128 -2.284359 3.169735
v 2.073156 -2.284357 3.639549
v 2.498760 -0.308932 1.666735
v 0.000000 0.778626 -2.038887
v -0.000000 -0.556801 2.504819
v 2.437010 0.502777 -1.128238
v 1.858664 -0.961513 4.757833
v 0.836893 -1.559240 2.720520
v 0.340695 -0.969308 4.264111
v 2.311689 -1.530468 3.199764
v 1.360775 -3.278557 5.196221
v 0.346868 -3.278557 4.819372
v 0.737924 -3.534198 3.767243
v 1.751830 -3.534198 4.144092
v 4.218181 -3.044050 3.591687
v 3.325624 -2.864387 4.175711
v 3.135806 -3.987436 4.231101
v 4.028363 -4.167099 3.647077
v -2.412532 1.357805 4.621462
v -2.487978 3.070076 1.729226
v -1.407564 4.932907 5.361569
v -1.407564 5.475358 3.336911
v -2.875829 -4.004609 1.112716
v -2.381387 -3.719172 -1.693690
v -1.694830 3.348188 4.644492
v -1.740719 4.216027 2.826907
v -2.517558 -0.663132 2.413992
v -2.360153 1.910613 0.438772
v -1.287112 -3.580602 5.708069
v -0.068344 -3.580602 5.255076
v -0.608484 -3.837857 3.801838
v -1.827252 -3.837857 4.254831
v -1.446020 -2.790232 4.898253
v -0.476929 -2.790232 4.538061
v -0.802020 -3.154369 3.663408
v -1.771112 -3.154369 4.023601
v -2.611746 -1.438914 -1.810780
v -2.961911 -1.985788 1.046845
v -1.159173 -4.097312 5.562147
v -0.260532 -4.097312 5.228139
v -0.686568 -4.294770 4.081895
v -1.585209 -4.294770 4.415903
v -4.614159 -2.674951 3.880918
v -3.541259 -2.458986 4.582946
v -3.204487 -3.991069 4.539577
v -4.277386 -4.207034 3.837548
v -3.895530 -3.151978 3.176063
v -3.042424 -2.980256 3.734273
v -2.920128 -3.994905 3.859507
v -3.773234 -4.166627 3.301296
v -4.695190 -2.887823 4.386513
v -3.904103 -2.728585 4.904143
v -3.632758 -3.936428 4.861019
v -4.423845 -4.095667 4.343390
v -3.706388 -2.726512 2.352870
v -2.527800 -2.488297 3.160485
v -2.099893 -3.913155 2.960392
v -3.275543 -4.150130 2.178987
v -1.673360 -1.959281 4.758372
v -0.399932 -1.959281 4.285064
v -0.809128 -2.284358 3.169735
v -2.073156 -2.284358 3.639550
v -2.498760 -0.308932 1.666736
v -2.437010 0.502777 -1.128239
v -1.858664 -0.961513 4.757833
v -0.836893 -1.559240 2.720520
v -0.340695 -0.969309 4.264111
v -2.311689 -1.530468 3.199764
v -1.360775 -3.278558 5.196221
v -0.346868 -3.278557 4.819372
v -0.737924 -3.534197 3.767242
v -1.751830 -3.534197 4.144092
v -4.218179 -3.044050 3.591687
v -3.325622 -2.864387 4.175711
v -3.135805 -3.987435 4.231100
v -4.028362 -4.167100 3.647076
v 1.618699 5.204186 4.347742
v 0.809349 4.810455 5.909293
v 2.551980 -4.167446 -0.339144
v 1.496281 -3.909724 -2.068520
v 2.016882 2.495414 4.322242
v 1.312806 1.447505 5.239267
v 1.007797 4.436677 2.316593
v 2.158276 3.621218 2.275532
v 1.975440 3.775852 3.741322
v 2.783246 2.169277 2.940755
v 2.460402 -0.178644 1.676536
v 1.355133 2.540386 -0.062729
v 2.604491 -2.785856 -1.891117
v 2.770024 0.749211 1.421785
v 1.501999 4.261841 4.967929
v 1.507736 4.824059 3.100674
v 2.762979 0.287507 3.539572
v 2.487627 2.520343 1.107680
v 0.809349 5.597539 2.796673
v 1.644110 -4.194584 1.607059
v 0.967643 3.158818 5.126693
v 1.456297 3.563493 1.129755
v 1.411106 -1.361343 2.351649
v -0.000000 3.252589 0.413997
v -0.000000 -0.409038 4.097695
v -0.000000 4.976983 2.445227
v -0.000000 4.115514 5.608318
v 0.000000 -2.669854 -2.792695
v 0.000000 -2.908611 2.578158
v -0.000000 4.059133 1.580048
v -0.000000 2.271513 4.919212
v 0.000000 -4.518771 -0.106396
v 2.082106 -0.074439 4.952497
v 0.000000 -0.058987 -2.458819
v 2.862744 -2.081686 -0.400896
v 1.466730 -4.239142 5.024568
v 0.663386 -4.118939 5.520158
v 0.378747 -4.239142 4.620185
v 1.182090 -4.359344 4.124594
v 4.663624 -3.521121 4.346030
v 4.349923 -2.689444 4.685628
v 3.705856 -3.328330 4.972723
v 4.019557 -4.160007 4.633124
v 1.389995 -3.084279 5.010434
v 0.900520 -2.721957 4.882154
v 0.194634 -3.409151 5.048639
v 0.576452 -3.532367 5.754055
v 0.457770 -2.972301 4.033198
v 0.665842 -3.653261 3.780864
v 0.109895 -3.709231 4.443521
v 1.347521 -3.222646 3.679507
v 1.797519 -3.653261 4.201486
v 1.319145 -3.886093 3.755853
v 1.790271 -2.972301 4.528462
v 1.785701 -3.709231 5.066386
v 1.553305 -2.393987 4.818923
v 0.960803 -1.898331 4.731169
v 0.447976 -2.393986 4.408093
v 0.366643 -2.121821 3.638981
v 0.803341 -2.751522 3.450192
v 1.516985 -2.345311 3.195190
v 1.907495 -2.751522 3.860585
v 2.111145 -2.121820 4.287378
v 3.042069 -3.942990 1.732141
v 1.499370 -1.240188 -2.616632
v 0.832300 -1.883412 2.940823
v 1.717185 -1.464723 2.103255
v 0.389317 -1.492357 4.234688
v 1.239814 -3.861340 5.758736
v 0.071068 -3.861340 5.324336
v 0.613064 -4.113407 3.866104
v 1.781810 -4.113407 4.300504
v 4.037640 -3.150131 3.417557
v 3.491909 -2.875872 3.431688
v 3.422195 -2.639644 4.370514
v 4.140856 -2.279703 4.240064
v 2.821321 -3.455383 3.901556
v 3.146696 -3.979124 4.361537
v 3.171706 -3.184534 4.692893
v 3.323752 -4.271014 3.603885
v 4.142928 -4.179656 3.709675
v 3.677794 -4.386318 4.180432
v 3.994341 -3.691503 3.134017
v 4.646943 -3.481487 3.727604
v 3.791925 -3.031286 2.833178
v 3.197602 -2.340360 2.791738
v 2.811664 -2.833987 3.479126
v 2.093136 -3.156178 3.209409
v 2.561731 -4.018179 3.463394
v 2.607209 -4.298688 2.534629
v 3.541607 -4.215413 2.820722
v 3.711676 -3.482870 2.116959
v 1.394844 -2.083545 2.876465
v 3.356518 -2.340163 1.913714
v 1.076370 -3.712981 2.581183
v 4.747515 -2.694236 4.140073
v 3.718649 -2.487133 4.813288
v 3.374355 -4.023824 4.759840
v 4.403219 -4.230925 4.086625
v 0.000000 -1.070952 2.204375
v 2.534445 -0.335431 -1.509631
v 2.206410 -1.879753 3.423226
v 3.213082 -3.174712 0.976404
v 2.577128 -1.129185 1.036055
v 0.000000 1.942831 -1.220698
v -0.000000 -0.672085 2.247361
v 2.351810 1.400614 -0.496989
v 2.838068 0.093425 0.278319
v 1.392018 0.722969 -1.863298
v 1.446049 -0.511636 2.356444
v 1.791240 -1.491319 4.726757
v 0.659554 -1.290091 2.835357
v 0.347488 -0.133430 4.716795
v 2.383784 -1.148880 3.085434
v 2.365748 -1.242562 4.070014
v 1.663280 -1.653499 2.669362
v 0.308222 -1.267703 3.401100
v 1.010690 -0.856766 4.801754
v 1.326311 -3.409151 5.469261
v 0.446085 -3.084280 4.659601
v 0.783840 -3.397529 3.750878
v 1.727749 -3.397529 4.101710
v 1.746410 -3.406377 4.740816
v 1.318200 -3.582130 3.758393
v 0.352289 -3.406377 4.222648
v 0.780499 -3.230624 5.205070
v 4.418427 -2.840177 3.718652
v 3.206703 -2.982869 3.961263
v 3.093984 -3.981155 4.096099
v 3.924921 -4.148416 3.552393
v 4.290626 -3.639262 3.509877
v 3.546494 -4.287840 3.949474
v 3.063360 -3.392225 4.312910
v 3.807492 -2.743647 3.873313
v -1.618699 5.204186 4.347742
v -0.809350 4.810455 5.909293
v -2.551980 -4.167446 -0.339144
v -1.496281 -3.909724 -2.068520
v -2.016882 2.495414 4.322242
v -1.312807 1.447505 5.239267
v -1.007797 4.436677 2.316593
v -2.158276 3.621218 2.275532
v -1.975440 3.775852 3.741322
v -2.783246 2.169277 2.940755
v -2.460402 -0.178645 1.676536
v -1.355133 2.540386 -0.062729
v -2.604491 -2.785856 -1.891117
v -2.770024 0.749211 1.421785
v -1.502000 4.261841 4.967930
v -1.507736 4.824059 3.100674
v -2.762979 0.287507 3.539572
v -2.487627 2.520342 1.107679
v -0.809349 5.597539 2.796673
v -1.644110 -4.194584 1.607059
v -0.967644 3.158818 5.126693
v -1.456297 3.563494 1.129755
v -1.411106 -1.361343 2.351649
v -2.082106 -0.074441 4.952498
v -2.862744 -2.081686 -0.400897
v -1.466730 -4.239142 5.024568
v -0.663386 -4.118939 5.520159
v -0.378746 -4.239141 4.620185
v -1.182090 -4.359346 4.124594
v -4.663622 -3.521121 4.346028
v -4.349921 -2.689444 4.685627
v -3.705853 -3.328330 4.972722
v -4.019556 -4.160007 4.633124
v -1.389995 -3.084280 5.010434
v -0.900520 -2.721957 4.882154
v -0.194634 -3.409153 5.048640
v -0.576452 -3.532367 5.754055
v -0.457770 -2.972301 4.033199
v -0.665841 -3.653263 3.780864
v -0.109895 -3.709231 4.443522
v -1.347521 -3.222646 3.679507
v -1.797518 -3.653263 4.201486
v -1.319144 -3.886093 3.755853
v -1.790271 -2.972301 4.528463
v -1.785701 -3.709231 5.066386
v -1.553305 -2.393986 4.818923
v -0.960803 -1.898331 4.731170
v -0.447976 -2.393986 4.408094
v -0.366643 -2.121820 3.638982
v -0.803340 -2.751521 3.450192
v -1.516985 -2.345311 3.195191
v -1.907494 -2.751521 3.860585
v -2.111145 -2.121820 4.287378
v -3.042069 -3.942990 1.732139
v -1.499370 -1.240187 -2.616632
v -0.832300 -1.883412 2.940824
v -1.717184 -1.464723 2.103255
v -0.389317 -1.492357 4.234688
v -1.239814 -3.861340 5.758736
v -0.071067 -3.861340 5.324336
v -0.613064 -4.113406 3.866104
v -1.781810 -4.113406 4.300504
v -4.037639 -3.150131 3.417557
v -3.491908 -2.875871 3.431688
v -3.422194 -2.639644 4.370514
v -4.140855 -2.279703 4.240065
v -2.821319 -3.455383 3.901556
v -3.146695 -3.979122 4.361537
v -3.171705 -3.184534 4.692891
v -3.323750 -4.271014 3.603883
v -4.142927 -4.179656 3.709674
v -3.677791 -4.386318 4.180430
v -3.994340 -3.691503 3.134017
v -4.646942 -3.481488 3.727603
v -3.791925 -3.031286 2.833179
v -3.197603 -2.340360 2.791739
v -2.811664 -2.833987 3.479126
v -2.093136 -3.156178 3.209409
v -2.561731 -4.018178 3.463393
v -2.607210 -4.298686 2.534628
v -3.541607 -4.215413 2.820722
v -3.711675 -3.482870 2.116958
v -1.394844 -2.083546 2.876465
v -3.356518 -2.340163 1.913714
v -1.076370 -3.712983 2.581184
v -4.747512 -2.694235 4.140071
v -3.718647 -2.487134 4.813286
v -3.374352 -4.023824 4.759838
v -4.403217 -4.230925 4.086623
v -2.534445 -0.335431 -1.509631
v -2.206410 -1.879754 3.423226
v -3.213082 -3.174712 0.976403
v -2.577127 -1.129184 1.036054
v -2.351810 1.400613 -0.496989
v -2.838068 0.093425 0.278320
v -1.392018 0.722969 -1.863298
v -1.446049 -0.511635 2.356443
v -1.791241 -1.491320 4.726757
v -0.659554 -1.290091 2.835358
v -0.347488 -0.133430 4.716795
v -2.383784 -1.148880 3.085434
v -2.365748 -1.242562 4.070014
v -1.663281 -1.653500 2.669362
v -0.308222 -1.267705 3.401100
v -1.010690 -0.856765 4.801753
v -1.326311 -3.409153 5.469262
v -0.446085 -3.084280 4.659602
v -0.783840 -3.397530 3.750878
v -1.727749 -3.397529 4.101711
v -1.746410 -3.406377 4.740816
v -1.318200 -3.582130 3.758393
v -0.352289 -3.406377 4.222649
v -0.780498 -3.230625 5.205070
v -4.418426 -2.840178 3.718651
v -3.206701 -2.982871 3.961262
v -3.093982 -3.981155 4.096098
v -3.924920 -4.148416 3.552393
v -4.290624 -3.639262 3.509876
v -3.546492 -4.287840 3.949473
v -3.063359 -3.392225 4.312910
v -3.807491 -2.743647 3.873312
v 1.260570 3.974046 1.720821
v 2.406530 2.983057 3.270161
v 1.523209 -2.685619 -2.624645
v 2.918226 -3.256179 -0.392972
v 0.867808 4.954322 2.583371
v 1.730598 4.542126 4.036184
v 1.444739 3.100460 0.548064
v 2.859214 1.412997 2.258831
v 0.862789 4.135702 5.475821
v 1.133552 2.309515 4.828756
v 1.482096 -4.495911 -0.178369
v 1.528375 -1.078662 1.962883
v 0.922461 -4.329592 4.823122
v 4.228313 -3.451164 4.734103
v 0.672121 -3.363383 5.496658
v 0.218048 -3.531209 4.335885
v 1.320031 -3.699034 3.753467
v 1.774104 -3.531208 4.914240
v 0.934120 -2.326948 4.793155
v 0.418519 -2.572753 3.852153
v 1.421938 -2.818558 3.475741
v 1.937539 -2.572753 4.416743
v 1.449533 -0.112107 -2.286131
v 2.824151 -0.917080 -0.194606
v 0.553590 -3.818228 5.815564
v 0.123117 -3.991623 4.513880
v 1.299262 -4.165017 3.809345
v 1.729736 -3.991622 5.111029
v 3.971968 -2.488759 4.046268
v 3.097652 -3.271783 4.488250
v 3.593157 -4.330540 4.033924
v 4.467472 -3.547515 3.591941
v 3.348693 -2.710606 3.158793
v 2.502935 -3.389095 3.592068
v 3.004771 -4.338825 3.139416
v 3.850530 -3.660336 2.706143
v 4.299820 -2.303191 4.490233
v 3.355817 -3.217924 4.916185
v 3.826143 -4.417353 4.416700
v 4.770147 -3.502619 3.990750
v 2.448115 -1.896990 2.504056
v 0.980199 -2.888360 2.846344
v 2.012501 -4.101301 2.159491
v 3.467868 -3.194136 1.676939
v 1.009827 -1.418763 4.724229
v 0.350555 -1.688323 3.496398
v 1.599807 -1.954658 2.938519
v 2.259079 -1.685095 4.166348
v 2.763304 0.619043 0.609946
v 1.343312 1.831892 -1.077005
v 1.415403 -0.595984 2.140348
v 2.543828 -0.599867 4.060915
v 1.582806 -1.422560 2.621174
v 0.207647 -0.743825 3.743201
v 1.163539 0.098363 5.165035
v 1.735856 -3.240905 4.621854
v 1.319124 -3.456266 3.755908
v 0.437980 -3.240906 4.139459
v 0.854711 -3.025546 5.005403
v 4.137082 -3.680634 3.383030
v 3.488318 -4.251965 3.849529
v 2.994543 -3.450650 4.130626
v 3.643307 -2.879319 3.664129
v -1.260571 3.974046 1.720821
v -2.406530 2.983057 3.270161
v -1.523209 -2.685618 -2.624645
v -2.918226 -3.256177 -0.392973
v -0.867809 4.954322 2.583371
v -1.730598 4.542126 4.036184
v -1.444739 3.100460 0.548064
v -2.859214 1.412997 2.258830
v -0.862790 4.135702 5.475821
v -1.133552 2.309515 4.828756
v -1.482096 -4.495911 -0.178370
v -1.528375 -1.078663 1.962883
v -0.922461 -4.329592 4.823122
v -4.228312 -3.451164 4.734101
v -0.672121 -3.363383 5.496658
v -0.218048 -3.531206 4.335885
v -1.320031 -3.699034 3.753468
v -1.774104 -3.531206 4.914240
v -0.934120 -2.326947 4.793156
v -0.418519 -2.572753 3.852154
v -1.421938 -2.818558 3.475741
v -1.937539 -2.572751 4.416743
v -1.449533 -0.112107 -2.286134
v -2.824151 -0.917080 -0.194606
v -0.553590 -3.818228 5.815564
v -0.123116 -3.991623 4.513881
v -1.299262 -4.165016 3.809345
v -1.729736 -3.991623 5.111029
v -3.971967 -2.488761 4.046268
v -3.097651 -3.271784 4.488251
v -3.593154 -4.330540 4.033923
v -4.467470 -3.547517 3.591939
v -3.348693 -2.710607 3.158795
v -2.502934 -3.389095 3.592068
v -3.004770 -4.338825 3.139415
v -3.850528 -3.660338 2.706142
v -4.299819 -2.303192 4.490233
v -3.355815 -3.217924 4.916183
v -3.826141 -4.417353 4.416699
v -4.770145 -3.502619 3.990749
v -2.448115 -1.896991 2.504057
v -0.980199 -2.888360 2.846344
v -2.012501 -4.101301 2.159491
v -3.467868 -3.194135 1.676940
v -1.009827 -1.418761 4.724229
v -0.350555 -1.688323 3.496398
v -1.599807 -1.954658 2.938518
v -2.259079 -1.685094 4.166349
v -2.763304 0.619044 0.609945
v -1.343312 1.831893 -1.077006
v -1.415403 -0.595984 2.140348
v -2.543828 -0.599869 4.060915
v -1.582806 -1.422560 2.621174
v -0.207647 -0.743825 3.743201
v -1.163539 0.098363 5.165035
v -1.735855 -3.240903 4.621854
v -1.319124 -3.456265 3.755909
v -0.437979 -3.240905 4.139459
v -0.854711 -3.025545 5.005404
v -4.137081 -3.680633 3.383030
v -3.488317 -4.251965 3.849528
v -2.994541 -3.450651 4.130625
v -3.643306 -2.879320 3.664127
v -1.293057 5.812896 13.219239
v -1.087105 7.936156 13.296031
v -1.731695 5.570229 10.131508
v -1.246556 8.401241 10.233895
v 1.293056 5.812896 13.219236
v 1.087104 7.936154 13.296028
v 1.731695 5.570229 10.131508
v 1.246555 8.401241 10.233895
v -1.680473 5.561398 12.053953
v -1.458386 6.866403 13.482244
v -1.294503 8.271176 12.151955
v -2.047548 6.985735 10.182702
v -0.000000 5.039414 10.112310
v -0.000000 8.932056 10.253093
v 2.047547 6.985735 10.182702
v 1.680472 5.561398 12.053953
v 1.294502 8.271174 12.151957
v 1.458385 6.866403 13.482244
v -0.000000 5.572132 13.435436
v -0.000000 8.160674 13.529052
v -2.048510 6.915484 12.125098
v 2.048509 6.915486 12.125097
v -0.000000 6.849356 13.953606
v -0.000000 5.051080 12.057669
v -0.000000 8.779892 12.192527
v -0.405268 7.104210 13.843839
v 0.405267 7.104208 13.843839
v -0.573535 7.895047 13.872443
v 0.573535 7.895047 13.872443
v -0.405268 7.127807 13.191370
v 0.405267 7.127809 13.191370
v -0.573535 7.918644 13.219971
v 0.573535 7.918644 13.219971
v -0.596647 7.497043 13.929630
v -0.000000 7.014975 13.912196
v 0.596646 7.497043 13.929630
v -0.000000 7.979111 13.947064
v -0.596647 7.525811 13.134182
v -0.000000 7.043741 13.116748
v 0.596646 7.525811 13.134179
v -0.000000 8.007877 13.151617
v -0.459541 7.029358 13.514469
v 0.459540 7.029358 13.514469
v -0.733754 7.993494 13.549340
v 0.733753 7.993496 13.549340
v -0.000000 7.491615 14.079658
v -0.000000 7.531236 12.984155
v -0.821711 7.511426 13.531906
v -0.000000 6.847513 13.507894
v 0.821711 7.511426 13.531906
v -0.000000 8.175338 13.555919
vn -0.5728 -0.5946 0.5642
vn -0.5043 0.6687 0.5463
vn -0.5573 -0.5897 -0.5845
vn -0.5201 0.6779 -0.5196
vn 0.5728 -0.5946 0.5642
vn 0.5043 0.6687 0.5463
vn 0.5573 -0.5897 -0.5845
vn 0.5201 0.6779 -0.5196
vn -0.6395 -0.6951 -0.3284
vn -0.6729 -0.7393 -0.0243
vn -0.6523 -0.7010 0.2883
vn -0.6870 -0.2219 0.6920
vn -0.6859 0.1738 0.7066
vn -0.6047 0.4762 0.6384
vn -0.5969 0.7381 0.3146
vn -0.6396 0.7683 0.0262
vn -0.6090 0.7457 -0.2701
vn -0.6215 0.4724 -0.6250
vn -0.6930 0.1574 -0.7036
vn -0.6775 -0.2357 -0.6968
vn 0.2977 -0.6856 -0.6643
vn -0.0000 -0.7227 -0.6912
vn -0.2977 -0.6856 -0.6643
vn -0.2819 0.7454 -0.6041
vn -0.0000 0.7704 -0.6376
vn 0.2819 0.7454 -0.6041
vn 0.6215 0.4724 -0.6250
vn 0.6930 0.1574 -0.7036
vn 0.6775 -0.2357 -0.6968
vn 0.6523 -0.7010 0.2883
vn 0.6729 -0.7393 -0.0243
vn 0.6395 -0.6951 -0.3284
vn 0.6090 0.7457 -0.2701
vn 0.6396 0.7683 0.0262
vn 0.5969 0.7381 0.3146
vn 0.6047 0.4762 0.6384
vn 0.6859 0.1738 0.7066
vn 0.6870 -0.2219 0.6920
vn -0.3100 -0.6978 0.6458
vn -0.0000 -0.7384 0.6743
vn 0.3100 -0.6978 0.6458
vn 0.2703 0.7305 0.6271
vn -0.0000 0.7526 0.6585
vn -0.2703 0.7305 0.6271
vn -0.9017 -0.2611 0.3446
vn -0.9166 0.1679 0.3629
vn -0.8064 0.4900 0.3312
vn -0.9569 -0.2902 -0.0095
vn -0.9861 0.1658 0.0053
vn -0.8628 0.5053 0.0170
vn -0.8949 -0.2662 -0.3583
vn -0.9214 0.1595 -0.3543
vn -0.8179 0.4887 -0.3035
vn -0.3386 -0.2564 -0.9053
vn -0.3458 0.1648 -0.9237
vn -0.3053 0.4894 -0.8169
vn -0.0000 -0.2775 -0.9607
vn -0.0000 0.1708 -0.9853
vn -0.0000 0.5062 -0.8624
vn 0.3386 -0.2564 -0.9053
vn 0.3458 0.1648 -0.9237
vn 0.3053 0.4894 -0.8169
vn 0.8949 -0.2662 -0.3583
vn 0.9214 0.1595 -0.3543
vn 0.8179 0.4887 -0.3035
vn 0.9569 -0.2902 -0.0095
vn 0.9861 0.1658 0.0053
vn 0.8628 0.5053 0.0170
vn 0.9017 -0.2611 0.3446
vn 0.9166 0.1679 0.3629
vn 0.8064 0.4900 0.3312
vn 0.3449 -0.2396 0.9075
vn 0.3410 0.1866 0.9213
vn 0.2942 0.4934 0.8185
vn -0.0000 -0.2620 0.9651
vn -0.0000 0.1940 0.9810
vn -0.0000 0.5091 0.8607
vn -0.3449 -0.2396 0.9075
vn -0.3410 0.1866 0.9213
vn -0.2942 0.4934 0.8185
vn -0.2823 -0.9056 -0.3166
vn -0.0000 -0.9464 -0.3231
vn 0.2823 -0.9056 -0.3166
vn -0.2912 -0.9561 -0.0329
vn -0.0000 -0.9994 -0.0347
vn 0.2912 -0.9561 -0.0329
vn -0.2898 -0.9206 0.2616
vn -0.0000 -0.9640 0.2660
vn 0.2898 -0.9206 0.2616
vn 0.3124 0.9026 -0.2960
vn -0.0000 0.9476 -0.3193
vn -0.3124 0.9026 -0.2960
vn 0.3340 0.9420 0.0318
vn -0.0000 0.9994 0.0335
vn -0.3340 0.9420 0.0318
vn 0.3048 0.8866 0.3478
vn -0.0000 0.9284 0.3717
vn -0.3048 0.8866 0.3478
vn -0.4948 0.1978 -0.8462
vn 0.8793 0.2023 0.4312
vn 0.4046 0.6884 0.6021
vn -0.6414 0.6749 -0.3649
vn 0.1961 -0.1575 -0.9678
vn 0.9557 -0.1570 -0.2489
vn 0.6267 0.7731 0.0981
vn -0.1329 0.7726 -0.6208
vn -0.5141 -0.6653 -0.5414
vn 0.5693 -0.6645 0.4840
vn 0.8166 0.5738 0.0622
vn -0.1074 0.5732 -0.8124
vn -0.2415 -0.8383 -0.4888
vn 0.5019 -0.8378 0.2149
vn 0.9607 -0.0621 -0.2705
vn 0.2173 -0.0626 -0.9741
vn -0.6001 0.0075 -0.7999
vn 0.8406 0.0027 0.5417
vn -0.6502 -0.6470 -0.3983
vn 0.4339 -0.6463 0.6277
vn 0.9678 0.2280 -0.1064
vn 0.0528 0.2274 -0.9724
vn -0.4527 -0.8762 -0.1651
vn 0.1904 -0.8758 0.4435
vn 0.7715 -0.6129 -0.1707
vn 0.1284 -0.6133 -0.7793
vn -0.6284 -0.3275 -0.7056
vn 0.7533 -0.3398 0.5631
vn -0.7888 -0.5878 -0.1798
vn 0.2204 -0.6024 0.7672
vn 0.9590 -0.1914 -0.2090
vn 0.1445 -0.1869 -0.9717
vn -0.7301 -0.6820 0.0421
vn -0.0013 -0.6815 0.7318
vn 0.6877 -0.7260 0.0037
vn -0.0411 -0.7265 -0.6860
vn -0.7973 -0.5801 -0.1670
vn 0.2393 -0.5900 0.7711
vn -0.0903 -0.4248 -0.9008
vn 0.9047 -0.4241 0.0409
vn 0.4305 0.7433 0.5121
vn -0.5355 0.7426 -0.4022
vn -0.1244 -0.4907 -0.8624
vn 0.8683 -0.4901 0.0772
vn 0.4382 0.7255 0.5307
vn -0.5545 0.7248 -0.4089
vn -0.6291 -0.7085 -0.3198
vn 0.3544 -0.7078 0.6110
vn 0.9400 0.3406 -0.0222
vn -0.0298 0.3399 -0.9400
vn -0.6350 -0.7078 -0.3095
vn 0.3444 -0.7071 0.6175
vn 0.9489 0.3148 -0.0219
vn -0.0305 0.3142 -0.9489
vn -0.0306 0.3142 -0.9489
vn -0.4065 -0.7263 -0.5543
vn 0.5764 -0.7256 0.3759
vn 0.7173 0.6552 0.2369
vn -0.2765 0.6546 -0.7036
vn -0.6891 -0.7090 -0.1495
vn 0.1877 -0.7084 0.6804
vn 0.9527 -0.2629 -0.1525
vn 0.1001 -0.2635 -0.9594
vn -0.9467 -0.3208 0.0300
vn 0.0223 -0.3201 0.9471
vn 0.9440 -0.3264 -0.0488
vn -0.0030 -0.3270 -0.9450
vn -0.9500 -0.3101 0.0364
vn 0.0161 -0.3094 0.9508
vn 0.9296 -0.3683 -0.0144
vn -0.0365 -0.3690 -0.9287
vn -0.6544 0.2190 0.7238
vn 0.4948 0.1978 -0.8462
vn -0.8793 0.2023 0.4312
vn -0.4046 0.6884 0.6021
vn 0.6414 0.6749 -0.3649
vn -0.1961 -0.1575 -0.9678
vn -0.9557 -0.1570 -0.2489
vn -0.6267 0.7731 0.0981
vn 0.1329 0.7726 -0.6208
vn 0.5141 -0.6653 -0.5414
vn -0.5693 -0.6645 0.4840
vn -0.8166 0.5738 0.0622
vn 0.1074 0.5732 -0.8124
vn 0.2415 -0.8383 -0.4888
vn -0.5019 -0.8378 0.2149
vn -0.9607 -0.0621 -0.2705
vn -0.2173 -0.0626 -0.9741
vn 0.6001 0.0075 -0.7999
vn -0.8406 0.0027 0.5417
vn 0.6502 -0.6470 -0.3983
vn -0.4339 -0.6463 0.6277
vn -0.9678 0.2280 -0.1064
vn -0.0528 0.2274 -0.9724
vn 0.4527 -0.8762 -0.1651
vn -0.1904 -0.8758 0.4435
vn -0.7715 -0.6129 -0.1707
vn -0.1284 -0.6133 -0.7793
vn 0.6284 -0.3275 -0.7056
vn -0.7533 -0.3398 0.5631
vn 0.7888 -0.5878 -0.1798
vn -0.2204 -0.6024 0.7672
vn -0.9590 -0.1914 -0.2090
vn -0.1445 -0.1869 -0.9717
vn 0.7301 -0.6820 0.0421
vn 0.0013 -0.6815 0.7318
vn -0.6877 -0.7260 0.0037
vn 0.0411 -0.7265 -0.6860
vn 0.7973 -0.5801 -0.1670
vn -0.2393 -0.5900 0.7711
vn 0.0903 -0.4248 -0.9008
vn -0.9047 -0.4241 0.0409
vn -0.4305 0.7433 0.5121
vn 0.5355 0.7426 -0.4022
vn 0.1244 -0.4907 -0.8624
vn -0.8683 -0.4901 0.0772
vn -0.4382 0.7255 0.5307
vn 0.5545 0.7248 -0.4089
vn 0.6291 -0.7085 -0.3198
vn -0.3544 -0.7078 0.6110
vn -0.9400 0.3406 -0.0222
vn 0.0298 0.3399 -0.9400
vn 0.6350 -0.7078 -0.3095
vn -0.3444 -0.7071 0.6175
vn -0.9489 0.3148 -0.0219
vn 0.0305 0.3142 -0.9489
vn 0.0306 0.3142 -0.9489
vn 0.4065 -0.7263 -0.5543
vn -0.5764 -0.7256 0.3759
vn -0.7173 0.6552 0.2369
vn 0.2765 0.6546 -0.7036
vn 0.6891 -0.7090 -0.1495
vn -0.1877 -0.7084 0.6804
vn -0.9527 -0.2629 -0.1525
vn -0.1001 -0.2635 -0.9594
vn 0.9467 -0.3208 0.0300
vn -0.0223 -0.3201 0.9471
vn -0.9440 -0.3264 -0.0488
vn 0.0030 -0.3270 -0.9450
vn 0.9500 -0.3101 0.0364
vn -0.0161 -0.3094 0.9508
vn -0.9296 -0.3683 -0.0144
vn 0.0365 -0.3690 -0.9287
vn 0.6544 0.2190 0.7238
vn -0.0512 -0.9266 -0.3726
vn -0.3140 0.9016 -0.2974
vn -0.6683 0.7369 -0.1012
vn -0.4663 -0.8620 -0.1989
vn -0.1800 -0.4985 -0.8480
vn -0.3273 0.4580 -0.8265
vn -0.9341 0.3478 -0.0805
vn -0.7868 -0.6087 -0.1019
vn 0.7580 -0.6351 -0.1485
vn 0.5320 0.8390 -0.1143
vn -0.7298 0.5415 -0.4172
vn -0.5371 -0.7157 -0.4464
vn 0.8711 -0.3771 -0.3147
vn 0.7160 0.6345 -0.2912
vn -0.1366 0.5166 -0.8453
vn 0.0184 -0.4949 -0.8687
vn 0.1367 -0.9619 -0.2369
vn -0.1658 0.9742 -0.1529
vn -0.2346 -0.8166 0.5274
vn -0.4918 0.6112 0.6202
vn 0.7679 -0.6387 0.0496
vn 0.5417 0.8364 0.0838
vn -0.4223 0.5887 -0.6893
vn -0.2315 -0.6562 -0.7182
vn 0.9510 -0.3036 0.0581
vn 0.8169 0.5714 0.0784
vn 0.4412 0.5324 -0.7224
vn 0.5753 -0.3426 -0.7427
vn 0.4816 -0.8526 -0.2027
vn 0.1637 0.9816 -0.0980
vn -0.2265 0.6787 0.6986
vn 0.0142 -0.7971 0.6036
vn 0.7804 -0.6133 0.1218
vn 0.5563 0.8155 0.1595
vn -0.0107 0.5783 -0.8158
vn 0.1580 -0.5139 -0.8432
vn 0.8177 -0.3921 0.4214
vn 0.6657 0.5994 0.4444
vn 0.5687 0.6078 -0.5543
vn 0.7207 -0.3838 -0.5773
vn 0.7261 -0.6420 -0.2462
vn 0.4546 0.8814 -0.1280
vn 0.0469 0.6900 0.7223
vn 0.2408 -0.7313 0.6381
vn 0.1016 0.7372 0.6680
vn 0.2977 -0.7655 0.5705
vn -0.3616 -0.8154 0.4521
vn -0.6198 0.5652 0.5444
vn 0.1451 0.4696 0.8709
vn 0.2723 -0.5576 0.7842
vn -0.6753 -0.6397 0.3671
vn -0.8025 0.3875 0.4537
vn 0.4949 -0.5827 -0.6447
vn 0.2927 0.7327 -0.6144
vn -0.7389 0.6111 0.2839
vn -0.5199 -0.8164 0.2513
vn 0.4079 0.7057 0.5793
vn 0.5908 -0.6551 0.4710
vn -0.6513 -0.7040 -0.2832
vn -0.8124 0.5583 -0.1680
vn 0.2501 -0.6115 -0.7507
vn 0.0496 0.6907 -0.7214
vn -0.7886 0.5407 0.2929
vn -0.5875 -0.7651 0.2635
vn 0.2919 -0.6196 -0.7286
vn 0.0871 0.7100 -0.6988
vn -0.7591 0.5570 0.3370
vn -0.5541 -0.7737 0.3071
vn 0.2914 -0.6202 -0.7283
vn 0.0865 0.7105 -0.6984
vn -0.7578 0.5571 0.3396
vn -0.5528 -0.7736 0.3097
vn 0.8236 -0.5609 0.0847
vn 0.6184 0.7773 0.1158
vn -0.5268 0.6086 -0.5933
vn -0.3246 -0.7109 -0.6240
vn 0.8241 -0.5582 0.0963
vn 0.6198 0.7744 0.1273
vn -0.5035 0.6191 -0.6026
vn -0.2992 -0.7135 -0.6336
vn 0.7962 -0.5544 -0.2421
vn 0.5925 0.7770 -0.2127
vn -0.7651 0.5896 -0.2588
vn -0.5550 -0.7802 -0.2886
vn 0.8361 -0.4885 0.2497
vn 0.6532 0.7045 0.2774
vn 0.0614 0.6215 -0.7810
vn 0.2392 -0.5385 -0.8079
vn 0.5089 -0.6111 0.6063
vn 0.3067 0.7073 0.6369
vn 0.1250 0.6953 -0.7078
vn 0.3225 -0.5931 -0.7377
vn 0.4990 -0.6108 0.6147
vn 0.2975 0.7037 0.6452
vn 0.1690 0.7147 -0.6787
vn 0.3705 -0.5998 -0.7092
vn 0.4238 0.6958 0.5800
vn 0.5911 -0.6555 0.4701
vn -0.6480 -0.7550 -0.1005
vn -0.8132 0.5819 0.0126
vn 0.4316 0.6928 0.5777
vn 0.5982 -0.6532 0.4641
vn -0.6436 -0.7609 -0.0825
vn -0.8103 0.5852 0.0310
vn 0.2193 0.7333 0.6435
vn 0.4182 -0.7433 0.5221
vn -0.5545 -0.7206 -0.4162
vn -0.7258 0.6291 -0.2784
vn 0.5319 -0.6114 -0.5858
vn 0.3209 0.7684 -0.5537
vn -0.7966 0.5797 0.1714
vn -0.5845 -0.7991 0.1407
vn 0.9169 -0.3990 0.0095
vn 0.7138 0.6975 0.0633
vn -0.1249 0.5200 0.8450
vn 0.0798 -0.6507 0.7551
vn -0.5854 0.4804 0.6531
vn 0.6302 0.6815 -0.3720
vn -0.4631 -0.0258 0.8859
vn 0.9392 0.2831 -0.1942
vn -0.4226 -0.0757 0.9032
vn 0.9954 0.0953 -0.0074
vn -0.3042 -0.2076 0.9297
vn 0.9861 -0.0310 0.1630
vn 0.5251 -0.5407 0.6573
vn -0.7148 0.0821 -0.6945
vn 0.2409 -0.6249 0.7426
vn -0.9845 0.0995 -0.1447
vn -0.1320 -0.8904 -0.4357
vn -0.8809 -0.2994 0.3665
vn 0.5511 -0.5794 -0.6005
vn -0.7569 -0.6535 0.0002
vn 0.2849 -0.4226 -0.8604
vn -0.7636 -0.6451 0.0264
vn 0.3964 -0.4775 -0.7841
vn -0.6408 -0.7611 0.1003
vn 0.5205 -0.4522 -0.7242
vn 0.1144 -0.9898 -0.0849
vn -0.6660 0.3764 -0.6440
vn 0.0921 0.9057 0.4139
vn 0.4611 0.4874 0.7415
vn 0.4449 0.3055 0.8419
vn 0.4486 0.1354 0.8834
vn -0.8739 0.1222 0.4706
vn 0.5078 -0.6622 0.5510
vn 0.4577 0.2921 -0.8398
vn -0.3423 0.8586 -0.3816
vn -0.5767 0.8162 -0.0346
vn 0.6330 -0.4517 -0.6287
vn -0.6525 -0.7219 0.2303
vn 0.5205 0.1037 -0.8476
vn -0.9032 -0.1396 0.4059
vn 0.4784 0.1326 -0.8681
vn -0.9844 0.0173 0.1751
vn 0.4126 0.2332 -0.8806
vn -0.9979 0.0321 -0.0571
vn -0.2648 0.7245 -0.6364
vn -0.0841 -0.9503 0.2997
vn -0.9256 -0.2861 -0.2478
vn -0.4082 -0.8697 -0.2776
vn -0.5643 -0.8254 0.0133
vn 0.2459 -0.7654 -0.5948
vn -0.7787 0.0420 0.6260
vn 0.2766 -0.1336 -0.9517
vn -0.9468 -0.2744 0.1681
vn 0.1630 -0.1830 -0.9695
vn -0.9734 -0.1885 -0.1300
vn 0.1407 -0.1288 -0.9816
vn -0.9420 -0.1384 -0.3056
vn -0.3794 -0.2520 -0.8902
vn 0.0576 -0.9204 -0.3866
vn -0.0817 -0.9025 -0.4230
vn -0.4643 -0.4724 -0.7492
vn -0.4528 -0.2928 -0.8422
vn -0.4468 -0.1460 -0.8826
vn 0.0555 -0.9944 0.0903
vn -0.8322 0.4969 0.2462
vn 0.9319 0.2338 -0.2774
vn 0.3694 -0.8566 0.3603
vn 0.6089 -0.7911 0.0582
vn 0.5854 0.4804 0.6531
vn -0.6302 0.6815 -0.3720
vn 0.4631 -0.0258 0.8859
vn -0.9392 0.2831 -0.1942
vn 0.4226 -0.0757 0.9032
vn -0.9954 0.0953 -0.0074
vn 0.3042 -0.2076 0.9297
vn -0.9861 -0.0310 0.1630
vn -0.5251 -0.5407 0.6573
vn 0.7148 0.0821 -0.6945
vn -0.2409 -0.6249 0.7426
vn 0.9845 0.0995 -0.1447
vn 0.1320 -0.8904 -0.4357
vn 0.8809 -0.2994 0.3665
vn -0.5511 -0.5794 -0.6005
vn 0.7569 -0.6535 0.0002
vn -0.2849 -0.4226 -0.8604
vn 0.7636 -0.6451 0.0264
vn -0.3964 -0.4775 -0.7841
vn 0.6408 -0.7611 0.1003
vn -0.5205 -0.4522 -0.7242
vn -0.1144 -0.9898 -0.0849
vn 0.6660 0.3764 -0.6440
vn -0.0921 0.9057 0.4139
vn -0.4611 0.4874 0.7415
vn -0.4449 0.3055 0.8419
vn -0.4486 0.1354 0.8834
vn 0.8739 0.1222 0.4706
vn -0.5078 -0.6622 0.5510
vn -0.4577 0.2921 -0.8398
vn 0.3423 0.8586 -0.3816
vn 0.5767 0.8162 -0.0346
vn -0.6330 -0.4517 -0.6287
vn 0.6525 -0.7219 0.2303
vn -0.5205 0.1037 -0.8476
vn 0.9032 -0.1396 0.4059
vn -0.4784 0.1326 -0.8681
vn 0.9844 0.0173 0.1751
vn -0.4126 0.2332 -0.8806
vn 0.9979 0.0321 -0.0571
vn 0.2648 0.7245 -0.6364
vn 0.0841 -0.9503 0.2997
vn 0.9256 -0.2861 -0.2478
vn 0.4082 -0.8697 -0.2776
vn 0.5643 -0.8254 0.0133
vn -0.2459 -0.7654 -0.5948
vn 0.7787 0.0420 0.6260
vn -0.2766 -0.1336 -0.9517
vn 0.9468 -0.2744 0.1681
vn -0.1630 -0.1830 -0.9695
vn 0.9734 -0.1885 -0.1300
vn -0.1407 -0.1288 -0.9816
vn 0.9420 -0.1384 -0.3056
vn 0.3794 -0.2520 -0.8902
vn -0.0576 -0.9204 -0.3866
vn 0.0817 -0.9025 -0.4230
vn 0.4643 -0.4724 -0.7492
vn 0.4528 -0.2928 -0.8422
vn 0.4468 -0.1460 -0.8826
vn -0.0555 -0.9944 0.0903
vn 0.8322 0.4969 0.2462
vn -0.9319 0.2338 -0.2774
vn -0.3694 -0.8566 0.3603
vn -0.6089 -0.7911 0.0582
vn -0.8928 0.0867 0.4420
vn -0.8624 0.3826 0.3316
vn -0.7480 0.6357 0.1907
vn -0.5643 0.8249 0.0338
vn -0.3236 0.9374 -0.1286
vn -0.0462 0.9585 -0.2813
vn 0.2359 0.8831 -0.4056
vn 0.4897 0.7226 -0.4879
vn 0.6934 0.4958 -0.5228
vn 0.8334 0.2180 -0.5078
vn 0.8928 -0.0867 -0.4420
vn 0.8624 -0.3826 -0.3316
vn 0.7480 -0.6357 -0.1907
vn 0.5643 -0.8249 -0.0338
vn 0.3236 -0.9374 0.1286
vn 0.0462 -0.9585 0.2813
vn -0.2359 -0.8831 0.4056
vn -0.4897 -0.7226 0.4879
vn -0.6935 -0.4958 0.5228
vn -0.8334 -0.2180 0.5078
vn 0.1272 -0.4702 0.8733
vn 0.3356 -0.5263 0.7813
vn 0.5409 -0.5104 0.6686
vn 0.7188 -0.4262 0.5493
vn 0.8545 -0.2865 0.4334
vn 0.9393 -0.1001 0.3283
vn 0.9619 0.1186 0.2463
vn 0.9179 0.3440 0.1979
vn 0.8142 0.5493 0.1881
vn 0.6637 0.7167 0.2139
vn 0.4760 0.8358 0.2736
vn 0.2673 0.8917 0.3652
vn 0.0623 0.8760 0.4783
vn -0.1148 0.7923 0.5992
vn -0.2504 0.6526 0.7151
vn -0.3361 0.4657 0.8186
vn -0.3589 0.2468 0.9001
vn -0.3147 0.0216 0.9490
vn -0.2102 -0.1832 0.9604
vn -0.0597 -0.3506 0.9346
vn -0.6934 -0.4958 0.5228
vn -0.2101 -0.1832 0.9604
vn 0.4760 0.8358 0.2735
vn 0.8928 0.0867 0.4420
vn 0.8624 0.3826 0.3316
vn 0.7480 0.6357 0.1907
vn 0.5643 0.8249 0.0338
vn 0.3236 0.9374 -0.1286
vn 0.0462 0.9585 -0.2813
vn -0.2359 0.8831 -0.4056
vn -0.4897 0.7226 -0.4879
vn -0.6934 0.4958 -0.5228
vn -0.8334 0.2180 -0.5078
vn -0.8928 -0.0867 -0.4420
vn -0.8624 -0.3826 -0.3316
vn -0.7480 -0.6357 -0.1907
vn -0.5643 -0.8249 -0.0338
vn -0.3236 -0.9374 0.1286
vn -0.0462 -0.9585 0.2813
vn 0.2359 -0.8831 0.4056
vn 0.4897 -0.7226 0.4879
vn 0.6935 -0.4958 0.5228
vn 0.8334 -0.2180 0.5078
vn -0.1272 -0.4702 0.8733
vn -0.3356 -0.5263 0.7813
vn -0.5409 -0.5104 0.6686
vn -0.7188 -0.4262 0.5493
vn -0.8545 -0.2865 0.4334
vn -0.9393 -0.1001 0.3283
vn -0.9619 0.1186 0.2463
vn -0.9179 0.3440 0.1979
vn -0.8142 0.5493 0.1881
vn -0.6637 0.7167 0.2139
vn -0.4760 0.8358 0.2736
vn -0.2673 0.8917 0.3652
vn -0.0623 0.8760 0.4783
vn 0.1148 0.7923 0.5992
vn 0.2504 0.6526 0.7151
vn 0.3361 0.4657 0.8186
vn 0.3589 0.2468 0.9001
vn 0.3147 0.0216 0.9490
vn 0.2102 -0.1832 0.9604
vn 0.0597 -0.3506 0.9346
vn 0.6934 -0.4958 0.5228
vn 0.2101 -0.1832 0.9604
vn -0.4760 0.8358 0.2735
vn 0.7612 0.1662 0.6269
vn 0.8323 0.4993 -0.2406
vn 0.8266 -0.2042 0.5245
vn 0.8526 0.2827 -0.4394
vn 0.6151 -0.7850 -0.0739
vn 0.6268 -0.5920 -0.5066
vn 0.7816 0.0003 0.6238
vn 0.7833 0.5656 -0.2580
vn 0.7708 -0.5054 -0.3879
vn 0.8362 0.4177 -0.3553
vn -0.0000 0.3237 -0.9462
vn -0.0000 -0.5396 0.8419
vn -0.0000 -0.8320 0.5547
vn -0.0000 -0.7498 -0.6616
vn -0.0000 -0.3344 0.9424
vn -0.0000 -0.0550 0.9985
vn -0.0000 0.6712 -0.7413
vn -0.0000 0.8165 -0.5773
vn -0.0000 -0.9698 -0.2438
vn -0.0000 0.7735 -0.6337
vn 0.4563 0.4120 0.7887
vn -0.8607 0.4120 0.2992
vn -0.4970 -0.0772 -0.8643
vn 0.9409 -0.0772 -0.3298
vn 0.4069 0.1639 0.8986
vn -0.8950 0.1641 0.4148
vn -0.4309 -0.3522 -0.8308
vn 0.8693 -0.3511 -0.3480
vn -0.0000 0.3774 0.9261
vn -0.0000 0.1462 -0.9892
vn 0.8400 0.1070 -0.5319
vn 0.9142 0.4022 0.0486
vn 0.2123 -0.8139 0.5409
vn -0.5140 -0.8139 0.2709
vn -0.3101 -0.8963 -0.3169
vn 0.4418 -0.8963 -0.0374
vn 0.5589 0.5519 -0.6189
vn -0.6024 0.7857 0.1410
vn -0.7893 -0.4938 0.3649
vn 0.4753 -0.7484 -0.4626
vn 0.8023 0.5406 -0.2531
vn -0.3680 0.7763 0.5118
vn -0.6095 -0.5839 0.5362
vn 0.5377 -0.8151 -0.2157
vn 0.8394 0.0982 0.5346
vn 0.1996 0.2270 0.9532
vn 0.0422 -0.3801 0.9240
vn 0.7039 -0.5132 0.4911
vn 0.8815 0.4632 -0.0921
vn -0.0527 0.5903 0.8055
vn -0.5149 -0.6699 0.5349
vn 0.4153 -0.8032 -0.4270
vn 0.3890 -0.0035 0.9212
vn -0.8987 0.0275 0.4377
vn -0.4288 -0.4434 -0.7871
vn 0.8292 -0.4538 -0.3263
vn 0.8245 0.1226 0.5525
vn -0.0000 0.5161 -0.8565
vn -0.0000 0.6049 0.7963
vn 0.8096 0.3410 -0.4779
vn 0.4404 -0.2222 0.8699
vn -0.4126 -0.2286 -0.8817
vn -0.8639 -0.1821 0.4696
vn 0.8439 -0.3563 -0.4012
vn 0.4265 0.7229 0.5436
vn -0.6780 0.7229 0.1331
vn -0.3879 0.0637 -0.9195
vn 0.8943 0.0637 -0.4429
vn 0.2674 0.4560 -0.8488
vn -0.7281 0.6564 -0.1975
vn -0.8164 -0.5514 0.1719
vn 0.2974 -0.7755 -0.5569
vn -0.7612 0.1662 0.6269
vn -0.8323 0.4993 -0.2406
vn -0.8266 -0.2042 0.5245
vn -0.8526 0.2827 -0.4394
vn -0.6151 -0.7850 -0.0739
vn -0.6268 -0.5920 -0.5066
vn -0.7816 0.0003 0.6238
vn -0.7833 0.5656 -0.2580
vn -0.7708 -0.5054 -0.3879
vn -0.8362 0.4177 -0.3553
vn -0.4563 0.4120 0.7887
vn 0.8607 0.4120 0.2992
vn 0.4970 -0.0772 -0.8643
vn -0.9409 -0.0772 -0.3298
vn -0.4069 0.1639 0.8986
vn 0.8950 0.1641 0.4148
vn 0.4309 -0.3522 -0.8308
vn -0.8693 -0.3511 -0.3480
vn -0.8400 0.1070 -0.5319
vn -0.9142 0.4022 0.0486
vn -0.2123 -0.8139 0.5409
vn 0.5140 -0.8139 0.2709
vn 0.3101 -0.8963 -0.3169
vn -0.4418 -0.8963 -0.0374
vn -0.5589 0.5519 -0.6189
vn 0.6024 0.7857 0.1410
vn 0.7893 -0.4938 0.3649
vn -0.4753 -0.7484 -0.4626
vn -0.8023 0.5406 -0.2531
vn 0.3680 0.7763 0.5118
vn 0.6095 -0.5839 0.5362
vn -0.5377 -0.8151 -0.2157
vn -0.8394 0.0982 0.5346
vn -0.1996 0.2270 0.9532
vn -0.0422 -0.3801 0.9240
vn -0.7039 -0.5132 0.4911
vn -0.8815 0.4632 -0.0921
vn 0.0527 0.5903 0.8055
vn 0.5149 -0.6699 0.5349
vn -0.4153 -0.8032 -0.4270
vn -0.3890 -0.0035 0.9212
vn 0.8987 0.0275 0.4377
vn 0.4288 -0.4434 -0.7871
vn -0.8292 -0.4538 -0.3263
vn -0.8245 0.1226 0.5525
vn -0.8096 0.3410 -0.4779
vn -0.4404 -0.2222 0.8699
vn 0.4126 -0.2286 -0.8817
vn 0.8639 -0.1821 0.4696
vn -0.8439 -0.3563 -0.4012
vn -0.4265 0.7229 0.5436
vn 0.6780 0.7229 0.1331
vn 0.3879 0.0637 -0.9195
vn -0.8943 0.0637 -0.4429
vn -0.2674 0.4561 -0.8488
vn 0.7281 0.6564 -0.1975
vn 0.8164 -0.5513 0.1719
vn -0.2974 -0.7755 -0.5569
vn 0.9913 0.1170 0.0598
vn 0.3774 -0.4712 0.7972
vn 0.6210 -0.7652 -0.1695
vn 0.2340 -0.7224 -0.6507
vn 0.7478 0.2423 0.6182
vn 0.1876 0.1665 0.9680
vn 0.3683 0.6777 -0.6365
vn 0.7571 0.6327 -0.1631
vn 0.9338 0.3039 0.1890
vn 0.9611 0.2351 0.1452
vn 0.9978 -0.0283 -0.0597
vn 0.3833 0.7113 -0.5892
vn 0.8065 -0.1477 -0.5724
vn 0.9886 -0.0790 -0.1282
vn 0.8477 -0.0871 0.5232
vn 0.8293 0.3746 -0.4146
vn 0.9814 -0.1003 0.1639
vn 0.8433 0.3749 -0.3852
vn 0.4185 0.3319 -0.8454
vn 0.0455 -0.9755 0.2154
vn 0.3540 -0.2587 0.8988
vn 0.3823 0.7614 -0.5237
vn 0.0860 -0.8305 -0.5504
vn -0.0000 0.7604 -0.6494
vn -0.0000 -0.7158 0.6983
vn -0.0000 0.4069 -0.9135
vn -0.0000 -0.4424 0.8968
vn -0.0000 -0.2075 -0.9782
vn -0.0000 -0.1860 0.9825
vn -0.0000 0.8304 -0.5572
vn -0.0000 -0.0082 1.0000
vn -0.0000 -0.9998 -0.0199
vn 0.5769 -0.1524 0.8025
vn -0.0000 0.3693 -0.9293
vn 0.9880 0.1023 -0.1160
vn 0.3830 -0.8782 0.2866
vn -0.1863 -0.8450 0.5013
vn -0.4772 -0.8782 -0.0332
vn 0.1021 -0.9561 -0.2746
vn 0.8399 -0.2131 0.4992
vn 0.5649 0.2490 0.7867
vn 0.0826 -0.0606 0.9947
vn 0.3706 -0.5622 0.7393
vn 0.4580 0.4312 0.7774
vn -0.3319 0.3048 0.8927
vn -0.6566 0.7456 0.1137
vn -0.2941 0.5360 0.7913
vn -0.9449 -0.1274 -0.3016
vn -0.4527 0.0949 -0.8866
vn -0.9335 0.1316 -0.3337
vn 0.3170 -0.4164 -0.8521
vn 0.9219 0.0949 -0.3757
vn 0.3448 -0.1435 -0.9276
vn 0.9129 -0.1268 0.3880
vn 0.9248 0.1316 0.3570
vn 0.3810 0.0553 0.9229
vn -0.3493 0.1070 0.9309
vn -0.8904 0.0568 0.4516
vn -0.9379 -0.1917 -0.2890
vn -0.4244 -0.4459 -0.7880
vn 0.2884 -0.5446 -0.7875
vn 0.8386 -0.4385 -0.3232
vn 0.8964 -0.2238 0.3827
vn 0.4893 -0.7963 -0.3556
vn 0.3611 0.1483 -0.9207
vn -0.4620 -0.4555 -0.7609
vn 0.3600 0.6578 0.6616
vn -0.8911 -0.0410 0.4519
vn 0.3943 -0.3019 0.8679
vn -0.8655 -0.3019 0.3997
vn -0.4559 -0.5072 -0.7314
vn 0.8229 -0.5072 -0.2561
vn 0.5762 0.5436 -0.6103
vn 0.2753 0.9528 0.1279
vn -0.7325 0.6394 -0.2339
vn -0.0024 0.9548 -0.2974
vn -0.7332 0.1430 0.6648
vn -0.8571 -0.4799 0.1872
vn -0.8769 0.2148 0.4301
vn -0.0856 -0.9816 0.1706
vn 0.3453 -0.7220 -0.5996
vn -0.2334 -0.9706 -0.0581
vn 0.8965 -0.1859 -0.4021
vn 0.7593 -0.1146 -0.6405
vn 0.9005 0.4347 -0.0085
vn 0.4665 0.7930 0.3917
vn -0.2109 0.6617 0.7195
vn -0.4631 0.0113 0.8862
vn -0.6120 -0.6001 0.5151
vn -0.1628 -0.9840 -0.0731
vn 0.5124 -0.8281 -0.2276
vn 0.8784 -0.2037 -0.4323
vn -0.0809 0.4784 0.8744
vn 0.7747 0.6201 -0.1241
vn -0.2841 -0.6606 0.6950
vn 0.9011 0.4337 -0.0012
vn -0.2082 0.6570 0.7246
vn -0.4778 -0.5343 0.6973
vn 0.6477 -0.7609 -0.0392
vn -0.0000 -0.0616 0.9981
vn 0.8332 0.2357 -0.5002
vn 0.8352 -0.4513 -0.3144
vn 0.9641 -0.1213 -0.2361
vn 0.9085 0.0678 0.4123
vn -0.0000 0.7037 -0.7104
vn -0.0000 0.3496 -0.9369
vn 0.7877 0.4738 -0.3938
vn 0.9964 0.0849 0.0080
vn 0.3599 0.4936 -0.7918
vn 0.2667 0.4473 0.8537
vn 0.4316 -0.0731 0.8991
vn -0.5553 -0.7851 -0.2744
vn -0.5232 -0.3986 0.7533
vn 0.8762 -0.3870 -0.2872
vn 0.9227 -0.2261 0.3124
vn 0.3010 -0.3860 -0.8720
vn -0.9453 -0.1072 -0.3079
vn -0.2677 -0.2377 0.9337
vn 0.4229 0.7456 0.5150
vn -0.8545 0.4312 0.2895
vn -0.4090 -0.1306 -0.9032
vn 0.8996 -0.1306 -0.4168
vn 0.9075 0.3628 0.2117
vn 0.3479 -0.0511 -0.9361
vn -0.8255 0.3628 -0.4324
vn -0.1832 0.8506 0.4929
vn 0.2318 0.4453 -0.8649
vn -0.6033 0.7810 0.1614
vn -0.7248 -0.5841 0.3653
vn 0.4276 -0.8161 -0.3888
vn 0.5535 -0.1654 -0.8163
vn -0.2899 -0.9448 -0.1525
vn -0.9729 0.1418 0.1825
vn -0.2399 0.7623 -0.6011
vn -0.9913 0.1170 0.0598
vn -0.3774 -0.4712 0.7972
vn -0.6210 -0.7652 -0.1695
vn -0.2340 -0.7224 -0.6507
vn -0.7478 0.2423 0.6182
vn -0.1876 0.1665 0.9680
vn -0.3683 0.6777 -0.6365
vn -0.7571 0.6327 -0.1631
vn -0.9338 0.3039 0.1890
vn -0.9611 0.2351 0.1452
vn -0.9978 -0.0283 -0.0597
vn -0.3833 0.7113 -0.5892
vn -0.8065 -0.1477 -0.5724
vn -0.9886 -0.0790 -0.1282
vn -0.8477 -0.0871 0.5232
vn -0.8293 0.3746 -0.4146
vn -0.9814 -0.1003 0.1639
vn -0.8433 0.3749 -0.3852
vn -0.4185 0.3319 -0.8454
vn -0.0455 -0.9755 0.2154
vn -0.3540 -0.2587 0.8988
vn -0.3823 0.7614 -0.5237
vn -0.0860 -0.8305 -0.5504
vn -0.5769 -0.1524 0.8025
vn -0.9880 0.1023 -0.1160
vn -0.3830 -0.8782 0.2866
vn 0.1863 -0.8450 0.5013
vn 0.4772 -0.8782 -0.0332
vn -0.1021 -0.9561 -0.2746
vn -0.8399 -0.2131 0.4992
vn -0.5649 0.2490 0.7867
vn -0.0826 -0.0606 0.9947
vn -0.3706 -0.5622 0.7393
vn -0.4580 0.4312 0.7774
vn 0.3319 0.3048 0.8927
vn 0.6566 0.7456 0.1137
vn 0.2941 0.5360 0.7913
vn 0.9449 -0.1274 -0.3016
vn 0.4527 0.0949 -0.8866
vn 0.9335 0.1316 -0.3337
vn -0.3170 -0.4164 -0.8521
vn -0.9219 0.0949 -0.3757
vn -0.3448 -0.1435 -0.9276
vn -0.9129 -0.1268 0.3880
vn -0.9248 0.1316 0.3570
vn -0.3810 0.0553 0.9229
vn 0.3493 0.1070 0.9309
vn 0.8904 0.0568 0.4516
vn 0.9379 -0.1917 -0.2890
vn 0.4244 -0.4459 -0.7880
vn -0.2884 -0.5446 -0.7875
vn -0.8386 -0.4385 -0.3232
vn -0.8964 -0.2238 0.3827
vn -0.4893 -0.7963 -0.3556
vn -0.3611 0.1483 -0.9207
vn 0.4620 -0.4555 -0.7609
vn -0.3600 0.6578 0.6616
vn 0.8911 -0.0410 0.4519
vn -0.3943 -0.3019 0.8679
vn 0.8655 -0.3020 0.3997
vn 0.4559 -0.5072 -0.7314
vn -0.8229 -0.5072 -0.2561
vn -0.5762 0.5436 -0.6103
vn -0.2753 0.9528 0.1279
vn 0.7325 0.6394 -0.2339
vn 0.0024 0.9548 -0.2974
vn 0.7332 0.1430 0.6648
vn 0.8571 -0.4799 0.1872
vn 0.8769 0.2148 0.4301
vn 0.0856 -0.9816 0.1706
vn -0.3453 -0.7220 -0.5996
vn 0.2334 -0.9706 -0.0581
vn -0.8965 -0.1859 -0.4021
vn -0.7593 -0.1146 -0.6405
vn -0.9005 0.4347 -0.0085
vn -0.4665 0.7930 0.3917
vn 0.2109 0.6617 0.7195
vn 0.4631 0.0113 0.8862
vn 0.6120 -0.6001 0.5151
vn 0.1628 -0.9840 -0.0731
vn -0.5124 -0.8281 -0.2276
vn -0.8784 -0.2037 -0.4323
vn 0.0809 0.4784 0.8744
vn -0.7747 0.6201 -0.1241
vn 0.2841 -0.6606 0.6950
vn -0.9011 0.4337 -0.0012
vn 0.2082 0.6570 0.7246
vn 0.4778 -0.5343 0.6973
vn -0.6477 -0.7609 -0.0392
vn -0.8332 0.2357 -0.5002
vn -0.8352 -0.4513 -0.3144
vn -0.9641 -0.1213 -0.2361
vn -0.9085 0.0678 0.4123
vn -0.7877 0.4738 -0.3938
vn -0.9964 0.0849 0.0080
vn -0.3599 0.4936 -0.7918
vn -0.2667 0.4473 0.8537
vn -0.4316 -0.0731 0.8991
vn 0.5553 -0.7851 -0.2744
vn 0.5232 -0.3986 0.7533
vn -0.8762 -0.3870 -0.2872
vn -0.9227 -0.2261 0.3124
vn -0.3010 -0.3860 -0.8720
vn 0.9453 -0.1072 -0.3079
vn 0.2677 -0.2377 0.9337
vn -0.4229 0.7456 0.5150
vn 0.8545 0.4312 0.2895
vn 0.4090 -0.1306 -0.9032
vn -0.8996 -0.1306 -0.4168
vn -0.9075 0.3628 0.2117
vn -0.3479 -0.0511 -0.9361
vn 0.8255 0.3628 -0.4324
vn 0.1832 0.8506 0.4929
vn -0.2318 0.4453 -0.8649
vn 0.6033 0.7810 0.1614
vn 0.7248 -0.5841 0.3653
vn -0.4276 -0.8161 -0.3888
vn -0.5535 -0.1654 -0.8163
vn 0.2899 -0.9448 -0.1525
vn 0.9729 0.1418 0.1825
vn 0.2399 0.7623 -0.6011
vn 0.3419 0.8091 -0.4779
vn 0.8976 0.3764 0.2296
vn 0.3253 -0.1806 -0.9282
vn 0.9667 -0.1639 -0.1964
vn 0.3997 0.4229 -0.8133
vn 0.9783 0.1938 0.0737
vn 0.3918 0.6814 -0.6181
vn 0.9982 0.0362 -0.0469
vn 0.4076 -0.3624 0.8382
vn 0.2949 0.0880 0.9515
vn 0.1232 -0.9907 -0.0569
vn 0.4394 -0.0461 0.8971
vn -0.0544 -0.9877 0.1464
vn 0.5200 -0.1501 0.8409
vn -0.1670 0.8777 0.4492
vn -0.8223 0.4107 -0.3939
vn 0.3480 -0.0448 -0.9364
vn 0.8799 0.4107 0.2388
vn -0.3426 0.1878 0.9205
vn -0.9390 -0.2163 -0.2674
vn 0.3007 -0.5103 -0.8057
vn 0.8892 -0.2128 0.4051
vn 0.3667 0.3555 -0.8597
vn 0.9950 0.0925 -0.0387
vn -0.3385 -0.2370 0.9106
vn -0.8785 -0.4098 -0.2455
vn 0.2919 -0.5458 -0.7854
vn 0.8256 -0.4098 0.3879
vn -0.2693 0.7245 -0.6344
vn -0.9709 0.1917 0.1435
vn -0.2938 -0.9425 -0.1590
vn 0.5317 -0.1107 -0.8397
vn 0.4364 0.7980 0.4157
vn -0.6635 0.0964 0.7419
vn -0.1216 -0.9858 0.1159
vn 0.9252 -0.2284 -0.3029
vn 0.4033 0.8424 0.3573
vn -0.5312 0.0995 0.8414
vn 0.0100 -0.9514 0.3079
vn 0.9692 -0.2025 -0.1403
vn 0.3209 0.8520 0.4136
vn -0.2939 -0.1139 0.9490
vn -0.1026 -0.9864 0.1281
vn 0.8986 -0.0836 -0.4308
vn -0.3232 -0.0295 0.9459
vn -0.9441 -0.1742 -0.2799
vn 0.2719 -0.5984 -0.7537
vn 0.9145 -0.2046 0.3492
vn 0.9901 0.1332 -0.0451
vn 0.3614 0.6677 -0.6509
vn -0.0720 0.3825 -0.9211
vn 0.9269 -0.2139 0.3083
vn 0.3177 -0.5809 -0.7494
vn -0.7019 -0.6039 0.3777
vn -0.0032 -0.2068 0.9784
vn 0.9483 0.1049 0.2995
vn 0.3408 -0.2081 -0.9168
vn -0.9137 0.1049 -0.3926
vn -0.2845 0.5770 0.7656
vn 0.7569 -0.1888 -0.6257
vn -0.1903 -0.9817 0.0111
vn -0.8831 0.1413 0.4474
vn 0.0030 0.9571 -0.2899
vn -0.3419 0.8091 -0.4779
vn -0.8976 0.3764 0.2296
vn -0.3253 -0.1806 -0.9282
vn -0.9667 -0.1639 -0.1964
vn -0.3997 0.4229 -0.8133
vn -0.9783 0.1938 0.0737
vn -0.3918 0.6814 -0.6181
vn -0.9982 0.0362 -0.0469
vn -0.4076 -0.3624 0.8382
vn -0.2949 0.0880 0.9515
vn -0.1232 -0.9907 -0.0569
vn -0.4394 -0.0461 0.8971
vn 0.0544 -0.9877 0.1464
vn -0.5200 -0.1501 0.8409
vn 0.1670 0.8777 0.4492
vn 0.8223 0.4107 -0.3939
vn -0.3480 -0.0448 -0.9364
vn -0.8799 0.4107 0.2388
vn 0.3426 0.1878 0.9205
vn 0.9390 -0.2163 -0.2674
vn -0.3007 -0.5103 -0.8057
vn -0.8892 -0.2128 0.4051
vn -0.3667 0.3555 -0.8597
vn -0.9950 0.0925 -0.0387
vn 0.3385 -0.2370 0.9106
vn 0.8785 -0.4098 -0.2455
vn -0.2919 -0.5458 -0.7854
vn -0.8256 -0.4098 0.3879
vn 0.2693 0.7246 -0.6344
vn 0.9709 0.1917 0.1435
vn 0.2938 -0.9425 -0.1590
vn -0.5317 -0.1107 -0.8397
vn -0.4364 0.7980 0.4157
vn 0.6635 0.0964 0.7419
vn 0.1216 -0.9858 0.1159
vn -0.9252 -0.2284 -0.3029
vn -0.4033 0.8424 0.3573
vn 0.5312 0.0995 0.8414
vn -0.0100 -0.9514 0.3079
vn -0.9692 -0.2025 -0.1403
vn -0.3209 0.8520 0.4136
vn 0.2939 -0.1139 0.9490
vn 0.1026 -0.9864 0.1281
vn -0.8986 -0.0836 -0.4308
vn 0.3232 -0.0295 0.9459
vn 0.9441 -0.1742 -0.2799
vn -0.2719 -0.5984 -0.7537
vn -0.9145 -0.2046 0.3492
vn -0.9901 0.1332 -0.0451
vn -0.3614 0.6677 -0.6509
vn 0.0720 0.3825 -0.9211
vn -0.9269 -0.2139 0.3083
vn -0.3177 -0.5809 -0.7494
vn 0.7019 -0.6039 0.3777
vn 0.0032 -0.2068 0.9784
vn -0.9483 0.1049 0.2995
vn -0.3408 -0.2081 -0.9168
vn 0.9137 0.1049 -0.3926
vn 0.2845 0.5770 0.7656
vn -0.7569 -0.1888 -0.6257
vn 0.1903 -0.9817 0.0111
vn 0.8831 0.1413 0.4474
vn -0.0030 0.9571 -0.2899
vn -0.5446 -0.5805 0.6053
vn -0.5347 0.5790 0.6154
vn -0.7247 -0.6890 0.0071
vn -0.6564 0.7533 0.0415
vn 0.5446 -0.5805 0.6053
vn 0.5347 0.5790 0.6154
vn 0.7247 -0.6890 0.0071
vn 0.6564 0.7533 0.0415
vn -0.7090 -0.6800 0.1871
vn -0.6779 0.0319 0.7345
vn -0.6520 0.7309 0.2016
vn -0.9909 0.1339 0.0118
vn -0.0000 -1.0000 0.0048
vn -0.0000 0.9977 0.0679
vn 0.9909 0.1339 0.0118
vn 0.7090 -0.6800 0.1871
vn 0.6520 0.7309 0.2016
vn 0.6779 0.0319 0.7345
vn -0.0000 -0.7123 0.7019
vn -0.0000 0.6722 0.7403
vn -0.9760 0.1080 0.1893
vn 0.9760 0.1080 0.1893
vn -0.0000 -0.0242 0.9997
vn -0.0000 -0.9865 0.1637
vn -0.0000 0.9746 0.2237
vn -0.4768 -0.6319 0.6110
vn 0.4768 -0.6319 0.6110
vn -0.4987 0.5028 0.7060
vn 0.4987 0.5028 0.7060
vn -0.4768 -0.5861 -0.6550
vn 0.4768 -0.5861 -0.6550
vn -0.4987 0.5525 -0.6679
vn 0.4987 0.5525 -0.6679
vn -0.6220 -0.1466 0.7692
vn -0.0000 -0.7097 0.7045
vn 0.6220 -0.1466 0.7692
vn -0.0000 0.6326 0.7745
vn -0.6220 -0.0907 -0.7778
vn -0.0000 -0.6570 -0.7539
vn 0.6220 -0.0907 -0.7778
vn -0.0000 0.6869 -0.7268
vn -0.6048 -0.7959 -0.0288
vn 0.6048 -0.7959 -0.0288
vn -0.7518 0.6590 0.0238
vn 0.7518 0.6590 0.0238
vn -0.0000 -0.0576 0.9983
vn -0.0000 0.0147 -0.9999
vn -0.9818 -0.1896 -0.0069
vn -0.0000 -0.9993 -0.0361
vn 0.9818 -0.1896 -0.0069
vn -0.0000 0.9993 0.0361
vt 0.581638 0.533091
vt 0.610272 0.556917
vt 0.595262 0.591355
vt 0.556633 0.580069
vt 0.633542 0.574465
vt 0.624858 0.599243
vt 0.595354 0.629068
vt 0.556633 0.635394
vt 0.623952 0.625089
vt 0.797246 0.230614
vt 0.815012 0.247884
vt 0.778959 0.274320
vt 0.769301 0.241014
vt 0.620163 0.502192
vt 0.636268 0.532232
vt 0.649822 0.555751
vt 0.659413 0.571607
vt 0.653679 0.586167
vt 0.648993 0.604760
vt 0.646328 0.623369
vt 0.646162 0.637874
vt 0.632387 0.647071
vt 0.610865 0.661268
vt 0.580310 0.685287
vt 0.688882 0.252269
vt 0.687589 0.286554
vt 0.645278 0.275624
vt 0.655864 0.251514
vt 0.730580 0.250062
vt 0.733703 0.286647
vt 0.622409 0.710039
vt 0.636519 0.682833
vt 0.667144 0.694928
vt 0.660583 0.722766
vt 0.650425 0.661241
vt 0.673229 0.669115
vt 0.699947 0.697783
vt 0.700422 0.728428
vt 0.697148 0.672254
vt 0.569209 0.717218
vt 0.603706 0.743459
vt 0.660163 0.643102
vt 0.678204 0.648006
vt 0.696536 0.651676
vt 0.711398 0.653250
vt 0.719616 0.667631
vt 0.732532 0.689946
vt 0.749143 0.725082
vt 0.702230 0.766682
vt 0.744816 0.758610
vt 0.652117 0.758681
vt 0.792610 0.691015
vt 0.760791 0.668062
vt 0.777716 0.634361
vt 0.817318 0.641514
vt 0.736981 0.651731
vt 0.747713 0.628201
vt 0.779666 0.596844
vt 0.815926 0.588315
vt 0.751008 0.602153
vt 0.655864 0.071690
vt 0.645278 0.047580
vt 0.687589 0.036650
vt 0.688882 0.070935
vt 0.717728 0.640199
vt 0.723654 0.622358
vt 0.727765 0.603629
vt 0.729138 0.588041
vt 0.744799 0.578138
vt 0.767431 0.563148
vt 0.795256 0.543463
vt 0.769301 0.082190
vt 0.778959 0.048885
vt 0.815012 0.075320
vt 0.797246 0.092590
vt 0.730580 0.073142
vt 0.733703 0.036557
vt 0.762344 0.506991
vt 0.742805 0.536836
vt 0.708219 0.520666
vt 0.716481 0.485613
vt 0.726073 0.561367
vt 0.700851 0.551927
vt 0.670052 0.519688
vt 0.665900 0.484258
vt 0.674068 0.549109
vt 0.836852 0.114863
vt 0.804527 0.122178
vt 0.714469 0.582078
vt 0.695045 0.576557
vt 0.675200 0.572822
vt 0.804527 0.201026
vt 0.836852 0.208341
vt 0.809044 0.161602
vt 0.843198 0.161602
vt 0.679044 0.211883
vt 0.674494 0.161602
vt 0.724599 0.161602
vt 0.726565 0.209204
vt 0.679044 0.111321
vt 0.726565 0.114000
vt 0.770852 0.161602
vt 0.769226 0.204066
vt 0.769226 0.119138
vt 0.637128 0.222991
vt 0.640302 0.808805
vt 0.582762 0.790591
vt 0.699921 0.818206
vt 0.637128 0.100213
vt 0.699755 0.634471
vt 0.682383 0.630277
vt 0.686271 0.613783
vt 0.704221 0.617867
vt 0.664967 0.626271
vt 0.668386 0.609420
vt 0.690371 0.596389
vt 0.708602 0.600551
vt 0.672200 0.591971
vt 0.586381 0.897482
vt 0.580467 0.895056
vt 0.603680 0.849641
vt 0.581829 0.900328
vt 0.581834 0.900329
vt 0.581834 0.900334
vt 0.581830 0.900332
vt 0.571399 0.926605
vt 0.571403 0.926609
vt 0.571401 0.926616
vt 0.571395 0.926611
vt 0.915903 0.080534
vt 0.909094 0.080110
vt 0.915265 0.036557
vt 0.909912 0.111933
vt 0.909556 0.111952
vt 0.909620 0.111635
vt 0.909893 0.111630
vt 0.603680 0.970279
vt 0.589192 0.914344
vt 0.912675 0.084870
vt 0.912649 0.084874
vt 0.912643 0.084838
vt 0.912678 0.084844
vt 0.579963 0.901022
vt 0.582524 0.901761
vt 0.568264 0.902266
vt 0.582694 0.899901
vt 0.581421 0.899255
vt 0.581517 0.900451
vt 0.581955 0.900555
vt 0.582003 0.900242
vt 0.581749 0.900104
vt 0.581799 0.900350
vt 0.581845 0.900356
vt 0.581863 0.900318
vt 0.581814 0.900290
vt 0.570808 0.926913
vt 0.571666 0.927113
vt 0.573342 0.930157
vt 0.567506 0.927359
vt 0.571963 0.926362
vt 0.573648 0.925403
vt 0.571183 0.926076
vt 0.571037 0.923950
vt 0.571255 0.926662
vt 0.571458 0.926756
vt 0.571562 0.926547
vt 0.571356 0.926484
vt 0.571374 0.926620
vt 0.571409 0.926643
vt 0.571438 0.926598
vt 0.571386 0.926582
vt 0.562091 0.928809
vt 0.575649 0.937048
vt 0.515618 0.933688
vt 0.579351 0.922568
vt 0.569168 0.918752
vt 0.910781 0.111140
vt 0.908879 0.110610
vt 0.904812 0.107251
vt 0.915007 0.108810
vt 0.908572 0.112720
vt 0.905757 0.115588
vt 0.910498 0.112884
vt 0.912130 0.117285
vt 0.899868 0.092187
vt 0.923323 0.092607
vt 0.843394 0.161847
vt 0.965736 0.161847
vt 0.912988 0.084503
vt 0.912245 0.084408
vt 0.910779 0.083356
vt 0.914296 0.083476
vt 0.912209 0.085268
vt 0.910284 0.087723
vt 0.913011 0.085181
vt 0.914457 0.087182
vt 0.912747 0.084768
vt 0.912549 0.084744
vt 0.912567 0.084950
vt 0.912734 0.084927
vt 0.662184 0.895543
vt 0.644880 0.847688
vt 0.668098 0.893107
vt 0.666742 0.898382
vt 0.666741 0.898386
vt 0.666736 0.898387
vt 0.666737 0.898382
vt 0.677164 0.924651
vt 0.677168 0.924657
vt 0.677162 0.924661
vt 0.677160 0.924655
vt 0.751735 0.327890
vt 0.735916 0.286842
vt 0.757904 0.324964
vt 0.769222 0.354745
vt 0.769161 0.354475
vt 0.769390 0.354321
vt 0.769563 0.354633
vt 0.644880 0.968308
vt 0.659370 0.912378
vt 0.756341 0.330712
vt 0.756336 0.330686
vt 0.756363 0.330668
vt 0.756371 0.330704
vt 0.668606 0.899081
vt 0.680307 0.900322
vt 0.666039 0.899809
vt 0.665872 0.897960
vt 0.667144 0.897305
vt 0.667051 0.898511
vt 0.666609 0.898607
vt 0.666562 0.898300
vt 0.666815 0.898155
vt 0.666769 0.898406
vt 0.666723 0.898410
vt 0.666704 0.898365
vt 0.666758 0.898352
vt 0.677755 0.924959
vt 0.681057 0.925406
vt 0.675220 0.928202
vt 0.676897 0.925159
vt 0.674916 0.923448
vt 0.676600 0.924408
vt 0.677527 0.921996
vt 0.677380 0.924122
vt 0.677308 0.924707
vt 0.677105 0.924802
vt 0.677001 0.924593
vt 0.677207 0.924529
vt 0.677189 0.924666
vt 0.677154 0.924689
vt 0.677125 0.924643
vt 0.677177 0.924628
vt 0.686471 0.926858
vt 0.732955 0.931748
vt 0.672911 0.935093
vt 0.669212 0.920610
vt 0.679397 0.916799
vt 0.768023 0.354022
vt 0.762880 0.353777
vt 0.771981 0.348896
vt 0.769901 0.353381
vt 0.774310 0.356633
vt 0.770733 0.355068
vt 0.769032 0.360644
vt 0.768963 0.355827
vt 0.749332 0.341745
vt 0.771049 0.332826
vt 0.848845 0.375681
vt 0.735916 0.422576
vt 0.755908 0.330496
vt 0.754318 0.330027
vt 0.757542 0.328607
vt 0.756563 0.330126
vt 0.759612 0.332496
vt 0.756910 0.330918
vt 0.755530 0.333522
vt 0.756135 0.331134
vt 0.756234 0.330651
vt 0.756405 0.330548
vt 0.756462 0.330727
vt 0.756320 0.330811
vt 0.901789 0.214250
vt 0.946437 0.167601
vt 0.946543 0.276543
vt 0.901911 0.230479
vt 0.893405 0.198380
vt 0.893385 0.198394
vt 0.893376 0.198375
vt 0.893401 0.198291
vt 0.913664 0.911979
vt 0.912796 0.912192
vt 0.912152 0.912144
vt 0.912312 0.911898
vt 0.891723 0.912105
vt 0.893483 0.911903
vt 0.893184 0.912037
vt 0.891142 0.911998
vt 0.894242 0.912208
vt 0.894255 0.912207
vt 0.894232 0.912210
vt 0.894224 0.912206
vt 0.898330 0.917217
vt 0.889493 0.917328
vt 0.892244 0.911995
vt 0.892242 0.911995
vt 0.892239 0.911994
vt 0.892241 0.911993
vt 0.850097 0.962864
vt 0.965077 0.974916
vt 0.843394 0.162042
vt 0.882888 0.212473
vt 0.881772 0.231192
vt 0.843394 0.265329
vt 0.892585 0.224010
vt 0.892595 0.224004
vt 0.892602 0.224015
vt 0.892592 0.224078
vt 0.893869 0.198216
vt 0.892919 0.198149
vt 0.891658 0.196779
vt 0.895250 0.196533
vt 0.892942 0.199064
vt 0.891086 0.200328
vt 0.893771 0.198957
vt 0.895476 0.200657
vt 0.893566 0.198362
vt 0.893231 0.198356
vt 0.893200 0.198698
vt 0.893553 0.198688
vt 0.893420 0.198392
vt 0.893351 0.198412
vt 0.893360 0.198457
vt 0.893426 0.198484
vt 0.908901 0.911814
vt 0.908429 0.912143
vt 0.906451 0.913215
vt 0.906046 0.910811
vt 0.908728 0.912192
vt 0.908785 0.912839
vt 0.908891 0.911830
vt 0.908514 0.911049
vt 0.910052 0.911916
vt 0.909819 0.912031
vt 0.909726 0.912046
vt 0.910410 0.911953
vt 0.911533 0.911922
vt 0.910906 0.912013
vt 0.911259 0.911910
vt 0.911610 0.912042
vt 0.903472 0.909709
vt 0.903796 0.914439
vt 0.899380 0.907466
vt 0.912092 0.917710
vt 0.909707 0.906510
vt 0.965077 0.807922
vt 0.894182 0.912188
vt 0.894190 0.912213
vt 0.893942 0.912210
vt 0.894107 0.912120
vt 0.894301 0.912221
vt 0.894621 0.912336
vt 0.894291 0.912210
vt 0.894391 0.912141
vt 0.893870 0.912112
vt 0.892205 0.911970
vt 0.892199 0.912017
vt 0.892120 0.912124
vt 0.892067 0.911878
vt 0.892277 0.912003
vt 0.892722 0.912005
vt 0.892299 0.911992
vt 0.892467 0.911894
vt 0.892230 0.911990
vt 0.892234 0.911998
vt 0.892254 0.911995
vt 0.892251 0.911993
vt 0.891722 0.911936
vt 0.892506 0.223907
vt 0.892707 0.223883
vt 0.893170 0.224128
vt 0.891973 0.224299
vt 0.892702 0.223628
vt 0.893153 0.223026
vt 0.892472 0.223683
vt 0.891943 0.222947
vt 0.892579 0.223897
vt 0.892627 0.223890
vt 0.892618 0.223848
vt 0.892566 0.223822
vt 0.892591 0.223993
vt 0.892603 0.223959
vt 0.892603 0.223934
vt 0.892589 0.223924
vt 0.889975 0.225646
vt 0.894951 0.225204
vt 0.894849 0.221067
vt 0.890122 0.221517
vt 0.902662 0.190623
vt 0.885074 0.191027
vt 0.887565 0.204185
vt 0.898274 0.204333
vt 0.825316 0.858213
vt 0.891704 0.907036
vt 0.893602 0.911739
vt 0.892105 0.911929
vt 0.890650 0.912026
vt 0.890813 0.911813
vt 0.890612 0.912155
vt 0.889252 0.911975
vt 0.682748 0.741086
vt 0.683461 0.744276
vt 0.684787 0.743893
vt 0.685359 0.742507
vt 0.674240 0.728381
vt 0.673134 0.717014
vt 0.663084 0.717753
vt 0.665645 0.731627
vt 0.674074 0.710598
vt 0.666549 0.708891
vt 0.675009 0.703704
vt 0.671171 0.702255
vt 0.549294 0.215145
vt 0.555638 0.194278
vt 0.532600 0.179990
vt 0.558281 0.216366
vt 0.558390 0.194775
vt 0.664877 0.707857
vt 0.661501 0.717382
vt 0.688990 0.715791
vt 0.692213 0.715727
vt 0.687927 0.706084
vt 0.685507 0.707415
vt 0.669970 0.700575
vt 0.666567 0.741255
vt 0.667064 0.742325
vt 0.667446 0.742270
vt 0.667464 0.740811
vt 0.680970 0.699136
vt 0.680000 0.700752
vt 0.662287 0.730848
vt 0.685975 0.733033
vt 0.689320 0.735303
vt 0.672934 0.747947
vt 0.674334 0.738735
vt 0.562477 0.167036
vt 0.552706 0.164927
vt 0.691175 0.745638
vt 0.687371 0.744364
vt 0.685406 0.744590
vt 0.685530 0.746962
vt 0.643595 0.732946
vt 0.658426 0.732931
vt 0.658269 0.716920
vt 0.647907 0.710223
vt 0.661536 0.706322
vt 0.656146 0.700920
vt 0.667696 0.698264
vt 0.667258 0.695901
vt 0.508105 0.213956
vt 0.521314 0.212603
vt 0.508146 0.199020
vt 0.572255 0.213474
vt 0.566160 0.193269
vt 0.564199 0.193705
vt 0.568014 0.214412
vt 0.659172 0.716993
vt 0.662455 0.706586
vt 0.697410 0.714174
vt 0.692041 0.702970
vt 0.690540 0.704324
vt 0.695330 0.715132
vt 0.668431 0.698952
vt 0.666068 0.741899
vt 0.665096 0.742638
vt 0.667311 0.742692
vt 0.666901 0.742447
vt 0.682406 0.695635
vt 0.681966 0.697040
vt 0.659454 0.731860
vt 0.697410 0.734947
vt 0.692902 0.735533
vt 0.655100 0.751159
vt 0.671588 0.751843
vt 0.675576 0.696677
vt 0.675607 0.697268
vt 0.509705 0.237994
vt 0.535020 0.232389
vt 0.511312 0.260162
vt 0.546308 0.250615
vt 0.514596 0.298957
vt 0.550628 0.289646
vt 0.540419 0.321530
vt 0.514656 0.319427
vt 0.508105 0.325628
vt 0.528117 0.339593
vt 0.572255 0.168845
vt 0.683043 0.598234
vt 0.686596 0.596276
vt 0.685806 0.594390
vt 0.683994 0.593876
vt 0.671528 0.615627
vt 0.659780 0.611260
vt 0.656386 0.630205
vt 0.670102 0.631141
vt 0.661176 0.642270
vt 0.671429 0.639887
vt 0.667529 0.651290
vt 0.672755 0.649285
vt 0.588971 0.166148
vt 0.572276 0.201303
vt 0.595315 0.187015
vt 0.598067 0.186517
vt 0.597958 0.164927
vt 0.654229 0.630723
vt 0.658903 0.643692
vt 0.691740 0.632696
vt 0.687050 0.644148
vt 0.690361 0.645946
vt 0.696138 0.632760
vt 0.665903 0.653590
vt 0.660969 0.598119
vt 0.662196 0.598719
vt 0.662160 0.596728
vt 0.661639 0.596656
vt 0.679585 0.653276
vt 0.680920 0.655474
vt 0.655204 0.612347
vt 0.687504 0.609197
vt 0.692051 0.606075
vt 0.671583 0.601501
vt 0.669607 0.588944
vt 0.592382 0.216366
vt 0.602153 0.214256
vt 0.694507 0.591963
vt 0.686797 0.590197
vt 0.686645 0.593434
vt 0.689327 0.593728
vt 0.629691 0.609619
vt 0.635736 0.640587
vt 0.649823 0.631376
vt 0.649923 0.609534
vt 0.647042 0.653219
vt 0.654356 0.645811
vt 0.662237 0.659986
vt 0.662817 0.656759
vt 0.593182 0.213956
vt 0.593141 0.199020
vt 0.579972 0.212603
vt 0.611932 0.167819
vt 0.607690 0.166881
vt 0.603876 0.187588
vt 0.605837 0.188024
vt 0.655608 0.645443
vt 0.651055 0.631270
vt 0.703239 0.634841
vt 0.700395 0.633550
vt 0.693938 0.648329
vt 0.695995 0.650164
vt 0.663815 0.655815
vt 0.660283 0.597244
vt 0.661415 0.596491
vt 0.661973 0.596153
vt 0.658952 0.596244
vt 0.682293 0.658326
vt 0.682903 0.660239
vt 0.651332 0.610987
vt 0.703090 0.606503
vt 0.696935 0.605735
vt 0.667742 0.583639
vt 0.645255 0.584690
vt 0.673579 0.658867
vt 0.673617 0.658062
vt 0.591581 0.237994
vt 0.566267 0.232389
vt 0.589975 0.260162
vt 0.554978 0.250615
vt 0.586691 0.298957
vt 0.550659 0.289646
vt 0.560868 0.321530
vt 0.573169 0.339593
vt 0.593182 0.325628
vt 0.586631 0.319427
vt 0.539777 0.216387
vt 0.532600 0.241450
vt 0.539777 0.241482
vt 0.611932 0.212448
vt 0.553652 0.217536
vt 0.557378 0.217399
vt 0.560875 0.218466
vt 0.563716 0.220532
vt 0.565823 0.223236
vt 0.566965 0.226434
vt 0.567003 0.229936
vt 0.566036 0.233290
vt 0.564083 0.236049
vt 0.561341 0.238090
vt 0.558111 0.239199
vt 0.554580 0.239199
vt 0.551146 0.238336
vt 0.548283 0.236469
vt 0.546135 0.233932
vt 0.544911 0.230832
vt 0.544757 0.227358
vt 0.545630 0.223911
vt 0.547528 0.221017
vt 0.550277 0.218836
vt 0.553061 0.214664
vt 0.557823 0.214664
vt 0.562141 0.216107
vt 0.565604 0.218673
vt 0.568139 0.222051
vt 0.569496 0.226045
vt 0.569501 0.230334
vt 0.568272 0.234343
vt 0.566037 0.237947
vt 0.562502 0.240458
vt 0.558461 0.241705
vt 0.554281 0.241644
vt 0.550186 0.240704
vt 0.546507 0.238484
vt 0.544017 0.235165
vt 0.542482 0.231430
vt 0.542187 0.227162
vt 0.543213 0.222923
vt 0.545495 0.219279
vt 0.548826 0.216467
vt 0.546633 0.309205
vt 0.541638 0.305308
vt 0.538093 0.300103
vt 0.536353 0.294031
vt 0.536706 0.287452
vt 0.539170 0.281167
vt 0.543412 0.276207
vt 0.549025 0.272761
vt 0.555395 0.271060
vt 0.562096 0.271567
vt 0.568215 0.274095
vt 0.573018 0.278348
vt 0.576357 0.283471
vt 0.577906 0.289316
vt 0.577434 0.295542
vt 0.575042 0.301426
vt 0.570951 0.306106
vt 0.565500 0.309325
vt 0.559391 0.311399
vt 0.552797 0.311343
vt 0.541388 0.318831
vt 0.534116 0.312362
vt 0.528756 0.304847
vt 0.525754 0.295764
vt 0.525754 0.285583
vt 0.529124 0.275597
vt 0.535613 0.267154
vt 0.544832 0.262193
vt 0.554506 0.260251
vt 0.564885 0.260509
vt 0.574363 0.265084
vt 0.581276 0.271839
vt 0.585636 0.279855
vt 0.587385 0.288432
vt 0.587164 0.297475
vt 0.584034 0.306433
vt 0.578234 0.313941
vt 0.570234 0.319439
vt 0.560873 0.321691
vt 0.551155 0.321858
vt 0.131775 0.495305
vt 0.136771 0.487577
vt 0.144111 0.481766
vt 0.152562 0.478791
vt 0.161233 0.478349
vt 0.169697 0.480674
vt 0.177289 0.485877
vt 0.183003 0.493416
vt 0.185844 0.502092
vt 0.185799 0.510997
vt 0.183211 0.519709
vt 0.177708 0.527416
vt 0.170132 0.532844
vt 0.161528 0.535406
vt 0.152726 0.535561
vt 0.144377 0.532961
vt 0.137123 0.527623
vt 0.131919 0.520452
vt 0.129463 0.512396
vt 0.129654 0.503889
vt 0.128823 0.494095
vt 0.134309 0.485422
vt 0.142477 0.478783
vt 0.151980 0.475744
vt 0.161520 0.475201
vt 0.170989 0.477739
vt 0.179516 0.483453
vt 0.186084 0.491808
vt 0.189098 0.501650
vt 0.188933 0.511448
vt 0.186310 0.521213
vt 0.180011 0.529799
vt 0.171511 0.535789
vt 0.161979 0.538606
vt 0.152220 0.538713
vt 0.142904 0.535760
vt 0.134868 0.529792
vt 0.129150 0.521757
vt 0.126551 0.512808
vt 0.126551 0.503527
vt 0.560813 0.279932
vt 0.563786 0.281962
vt 0.565902 0.284724
vt 0.567026 0.287977
vt 0.567028 0.291512
vt 0.566029 0.294817
vt 0.564100 0.297491
vt 0.561397 0.299439
vt 0.558199 0.300704
vt 0.554680 0.300871
vt 0.551310 0.299887
vt 0.548491 0.297895
vt 0.546267 0.295218
vt 0.545000 0.292050
vt 0.544840 0.288529
vt 0.545738 0.285097
vt 0.547651 0.282237
vt 0.550341 0.280123
vt 0.553580 0.278974
vt 0.557208 0.278941
vt 0.557479 0.276208
vt 0.562045 0.277302
vt 0.553031 0.276432
vt 0.549136 0.277900
vt 0.545636 0.280357
vt 0.543299 0.284079
vt 0.542280 0.288329
vt 0.542558 0.292560
vt 0.543908 0.296605
vt 0.546728 0.299901
vt 0.550274 0.302228
vt 0.554374 0.303337
vt 0.558758 0.303337
vt 0.562697 0.301657
vt 0.565809 0.299163
vt 0.568206 0.295986
vt 0.569549 0.291955
vt 0.569600 0.287614
vt 0.568286 0.283538
vt 0.565742 0.280017
vt 0.570158 0.214057
vt 0.574177 0.219262
vt 0.576446 0.225507
vt 0.576545 0.232014
vt 0.575083 0.238119
vt 0.571808 0.243399
vt 0.566842 0.247412
vt 0.560960 0.249827
vt 0.554747 0.250183
vt 0.548745 0.248515
vt 0.543227 0.245157
vt 0.538963 0.240041
vt 0.536538 0.233820
vt 0.536282 0.227300
vt 0.537905 0.221006
vt 0.541319 0.215587
vt 0.546506 0.211434
vt 0.552566 0.209075
vt 0.558799 0.208834
vt 0.564817 0.210555
vt 0.568907 0.201329
vt 0.577095 0.205899
vt 0.560290 0.198707
vt 0.550925 0.198707
vt 0.541466 0.201834
vt 0.533266 0.207978
vt 0.527511 0.216421
vt 0.525655 0.226161
vt 0.525889 0.235713
vt 0.529184 0.245424
vt 0.535741 0.253881
vt 0.544786 0.258552
vt 0.553858 0.260215
vt 0.562944 0.259933
vt 0.572250 0.256651
vt 0.579346 0.250014
vt 0.584417 0.242501
vt 0.587208 0.233609
vt 0.587385 0.223832
vt 0.584235 0.213658
vt 0.076672 0.485521
vt 0.084063 0.480674
vt 0.092123 0.478118
vt 0.100561 0.478233
vt 0.108921 0.481245
vt 0.116104 0.486786
vt 0.120941 0.494151
vt 0.123244 0.502728
vt 0.123329 0.511698
vt 0.120403 0.520453
vt 0.114813 0.527822
vt 0.107326 0.532829
vt 0.098738 0.535526
vt 0.089567 0.535355
vt 0.080683 0.532102
vt 0.073535 0.526352
vt 0.068883 0.518941
vt 0.066822 0.510549
vt 0.067367 0.501610
vt 0.070969 0.492888
vt 0.068151 0.491192
vt 0.074545 0.483120
vt 0.064050 0.500862
vt 0.063743 0.510845
vt 0.065959 0.520120
vt 0.071103 0.528430
vt 0.079013 0.534935
vt 0.088928 0.538782
vt 0.099272 0.538809
vt 0.108789 0.535764
vt 0.117080 0.530150
vt 0.123293 0.521920
vt 0.126525 0.512151
vt 0.126446 0.502248
vt 0.123849 0.492786
vt 0.118404 0.484582
vt 0.110389 0.478462
vt 0.101044 0.475201
vt 0.091700 0.475201
vt 0.082771 0.477828
vt 0.961885 0.646484
vt 0.962595 0.664258
vt 0.949624 0.666640
vt 0.949831 0.646484
vt 0.964820 0.679745
vt 0.950714 0.683830
vt 0.938657 0.686459
vt 0.938453 0.668036
vt 0.939162 0.646484
vt 0.971258 0.695922
vt 0.955842 0.701899
vt 0.980282 0.710845
vt 0.966243 0.719018
vt 0.954831 0.736776
vt 0.942482 0.708646
vt 0.858519 0.646480
vt 0.858727 0.664658
vt 0.840475 0.667037
vt 0.839613 0.646479
vt 0.859435 0.681961
vt 0.841683 0.684778
vt 0.826446 0.687150
vt 0.821054 0.671658
vt 0.817503 0.646477
vt 0.856764 0.704137
vt 0.838482 0.708938
vt 0.866223 0.726146
vt 0.845544 0.732046
vt 0.830232 0.736496
vt 0.822051 0.711578
vt 0.983164 0.646484
vt 0.983960 0.659974
vt 0.972663 0.661746
vt 0.971634 0.646484
vt 0.986455 0.672923
vt 0.975456 0.675453
vt 0.624716 0.456713
vt 0.605128 0.454364
vt 0.608467 0.440947
vt 0.627031 0.444027
vt 0.585338 0.454169
vt 0.589170 0.439746
vt 0.592687 0.421187
vt 0.611624 0.425094
vt 0.629888 0.431271
vt 0.927858 0.666997
vt 0.928610 0.646483
vt 0.926925 0.685485
vt 0.913944 0.683366
vt 0.916416 0.665256
vt 0.917422 0.646483
vt 0.926744 0.709654
vt 0.928725 0.736567
vt 0.903776 0.734950
vt 0.910169 0.707025
vt 0.570304 0.455652
vt 0.572686 0.440198
vt 0.554904 0.456284
vt 0.554904 0.440400
vt 0.554904 0.418756
vt 0.575359 0.419027
vt 0.580509 0.399957
vt 0.601085 0.405549
vt 0.554903 0.398424
vt 0.554900 0.368044
vt 0.583438 0.379886
vt 0.608558 0.382663
vt 0.612793 0.101946
vt 0.588299 0.111957
vt 0.583899 0.077204
vt 0.605347 0.073384
vt 0.555123 0.125215
vt 0.555193 0.078979
vt 0.555259 0.036557
vt 0.584591 0.038866
vt 0.602991 0.045159
vt 0.624005 0.214021
vt 0.595742 0.216677
vt 0.598873 0.199109
vt 0.630562 0.197133
vt 0.554978 0.221262
vt 0.555006 0.202106
vt 0.555032 0.184836
vt 0.601171 0.188208
vt 0.636933 0.180982
vt 0.078413 0.891127
vt 0.111658 0.876782
vt 0.120220 0.931667
vt 0.078413 0.937210
vt 0.147693 0.880319
vt 0.161730 0.924212
vt 0.161587 0.969364
vt 0.128481 0.984619
vt 0.092302 0.980173
vt 0.385940 0.742836
vt 0.349905 0.746372
vt 0.358467 0.691488
vt 0.399977 0.698942
vt 0.316659 0.732028
vt 0.316659 0.685945
vt 0.330548 0.642982
vt 0.366728 0.638535
vt 0.399833 0.653790
vt 0.620617 0.295754
vt 0.617690 0.295849
vt 0.618046 0.294715
vt 0.619716 0.294791
vt 0.615673 0.294195
vt 0.616707 0.293935
vt 0.617288 0.293684
vt 0.618212 0.294105
vt 0.619292 0.294205
vt 0.614767 0.291534
vt 0.615553 0.292060
vt 0.615965 0.288484
vt 0.616283 0.289172
vt 0.616818 0.289857
vt 0.616303 0.292265
vt 0.619326 0.287209
vt 0.619280 0.287917
vt 0.623003 0.289063
vt 0.622391 0.289810
vt 0.621507 0.290461
vt 0.619198 0.288833
vt 0.623230 0.293318
vt 0.622018 0.293502
vt 0.621071 0.293331
vt 0.617979 0.318775
vt 0.606669 0.310880
vt 0.612137 0.305243
vt 0.621774 0.310555
vt 0.599080 0.299216
vt 0.606523 0.297420
vt 0.611528 0.295888
vt 0.615550 0.300625
vt 0.624229 0.302343
vt 0.598491 0.287011
vt 0.606136 0.289276
vt 0.603445 0.275951
vt 0.609801 0.282050
vt 0.613866 0.285931
vt 0.611158 0.290485
vt 0.614463 0.268761
vt 0.618000 0.277575
vt 0.627896 0.266576
vt 0.628268 0.277064
vt 0.627042 0.285425
vt 0.619284 0.283738
vt 0.899175 0.770432
vt 0.909300 0.775798
vt 0.905481 0.783448
vt 0.896283 0.779341
vt 0.918347 0.782629
vt 0.913838 0.789018
vt 0.909905 0.795042
vt 0.902038 0.790195
vt 0.893483 0.786671
vt 0.883657 0.646482
vt 0.883887 0.663128
vt 0.872718 0.663581
vt 0.872619 0.646481
vt 0.885818 0.679071
vt 0.874007 0.680112
vt 0.891272 0.699342
vt 0.874679 0.700715
vt 0.898811 0.721569
vt 0.881124 0.720246
vt 0.618305 0.293729
vt 0.619128 0.293741
vt 0.617622 0.293390
vt 0.617864 0.293072
vt 0.618408 0.293267
vt 0.619046 0.293300
vt 0.617035 0.292210
vt 0.617481 0.290436
vt 0.617962 0.290944
vt 0.617762 0.292133
vt 0.619059 0.289947
vt 0.620545 0.290904
vt 0.619850 0.291287
vt 0.618928 0.290836
vt 0.620315 0.292913
vt 0.619636 0.292507
vt 0.614758 0.142827
vt 0.613622 0.143925
vt 0.613378 0.143252
vt 0.614090 0.142741
vt 0.612064 0.143802
vt 0.612505 0.143314
vt 0.612706 0.143006
vt 0.613258 0.142919
vt 0.613735 0.142637
vt 0.610951 0.142666
vt 0.611450 0.142727
vt 0.610937 0.141025
vt 0.611187 0.141248
vt 0.611551 0.141429
vt 0.611855 0.142631
vt 0.612104 0.139927
vt 0.612203 0.140177
vt 0.613729 0.139923
vt 0.613695 0.140264
vt 0.613544 0.140650
vt 0.612340 0.140528
vt 0.614857 0.141189
vt 0.614510 0.141578
vt 0.614132 0.141779
vt 0.628506 0.150264
vt 0.617573 0.156519
vt 0.615695 0.150058
vt 0.621071 0.145154
vt 0.606555 0.155676
vt 0.608880 0.149081
vt 0.610521 0.146048
vt 0.614691 0.146966
vt 0.617517 0.143610
vt 0.598686 0.147065
vt 0.605389 0.143875
vt 0.598665 0.135425
vt 0.606193 0.138392
vt 0.609408 0.140120
vt 0.608783 0.143005
vt 0.606401 0.127707
vt 0.610039 0.135037
vt 0.618991 0.124510
vt 0.615393 0.134312
vt 0.614242 0.138143
vt 0.611490 0.138412
vt 0.629624 0.135535
vt 0.620370 0.138100
vt 0.616824 0.139928
vt 0.613189 0.142722
vt 0.613529 0.142502
vt 0.612773 0.142765
vt 0.612793 0.142543
vt 0.613109 0.142490
vt 0.613377 0.142352
vt 0.612179 0.142413
vt 0.611967 0.141536
vt 0.612291 0.141648
vt 0.612472 0.142192
vt 0.612517 0.140982
vt 0.613303 0.141013
vt 0.613134 0.141314
vt 0.612666 0.141365
vt 0.613736 0.141832
vt 0.613356 0.141865
vt 0.610579 0.169841
vt 0.630875 0.162928
vt 0.588291 0.168006
vt 0.555082 0.151866
vt 0.577987 0.152312
vt 0.579168 0.134644
vt 0.596163 0.121861
vt 0.616122 0.114006
vt 0.848814 0.745030
vt 0.833663 0.747082
vt 0.864551 0.743717
vt 0.860534 0.754610
vt 0.846932 0.755139
vt 0.833191 0.756482
vt 0.608870 0.336229
vt 0.592225 0.328688
vt 0.600154 0.318454
vt 0.613902 0.327256
vt 0.577440 0.310790
vt 0.589650 0.303317
vt 0.576549 0.283949
vt 0.588676 0.285124
vt 0.590404 0.261009
vt 0.596647 0.268710
vt 0.607620 0.252211
vt 0.610936 0.260235
vt 0.624423 0.249260
vt 0.626329 0.257345
vt 0.902879 0.755340
vt 0.917231 0.761860
vt 0.913037 0.768624
vt 0.901419 0.762496
vt 0.930356 0.770015
vt 0.923534 0.776116
vt 0.900609 0.698730
vt 0.900114 0.678772
vt 0.900782 0.720590
vt 0.900357 0.663093
vt 0.900612 0.646482
vt 0.622344 0.229801
vt 0.598446 0.242924
vt 0.597324 0.222464
vt 0.624651 0.216531
vt 0.554926 0.259936
vt 0.554967 0.228935
vt 0.924590 0.753392
vt 0.905964 0.749160
vt 0.942699 0.759591
vt 0.603855 0.247331
vt 0.579762 0.261906
vt 0.624426 0.242510
vt 0.554898 0.315077
vt 0.561955 0.298202
vt 0.567459 0.335889
vt 0.585930 0.351316
vt 0.605795 0.353758
vt 0.629160 0.294067
vt 0.625101 0.293380
vt 0.623970 0.288072
vt 0.621835 0.297595
vt 0.619354 0.286296
vt 0.615425 0.287652
vt 0.613563 0.291046
vt 0.614193 0.294760
vt 0.617030 0.297606
vt 0.615449 0.140726
vt 0.613838 0.139461
vt 0.615833 0.143087
vt 0.611970 0.139591
vt 0.610555 0.140769
vt 0.610236 0.142710
vt 0.611437 0.144660
vt 0.614038 0.145086
vt 0.949625 0.626328
vt 0.962596 0.628711
vt 0.938454 0.624932
vt 0.938659 0.606509
vt 0.950715 0.609139
vt 0.964821 0.613225
vt 0.955844 0.591071
vt 0.971259 0.597049
vt 0.942485 0.584323
vt 0.954835 0.556195
vt 0.966246 0.573953
vt 0.980284 0.582126
vt 0.840479 0.625922
vt 0.858729 0.628303
vt 0.821059 0.621298
vt 0.826452 0.605807
vt 0.841689 0.608181
vt 0.859439 0.611000
vt 0.838491 0.584023
vt 0.856771 0.588825
vt 0.822062 0.581380
vt 0.830245 0.556465
vt 0.845555 0.560917
vt 0.866232 0.566818
vt 0.972663 0.631223
vt 0.983960 0.632995
vt 0.975457 0.617516
vt 0.986455 0.620046
vt 0.485093 0.456713
vt 0.482778 0.444027
vt 0.501341 0.440947
vt 0.504680 0.454364
vt 0.479921 0.431272
vt 0.498185 0.425094
vt 0.517121 0.421188
vt 0.520638 0.439747
vt 0.524470 0.454168
vt 0.927859 0.625971
vt 0.916417 0.627710
vt 0.913946 0.609600
vt 0.926927 0.607483
vt 0.926748 0.583315
vt 0.910174 0.585943
vt 0.903783 0.558018
vt 0.928731 0.556403
vt 0.537122 0.440198
vt 0.539503 0.455652
vt 0.534449 0.419027
vt 0.508724 0.405551
vt 0.529298 0.399959
vt 0.501251 0.382668
vt 0.526368 0.379888
vt 0.497524 0.101769
vt 0.505057 0.073230
vt 0.526493 0.077115
vt 0.521987 0.111855
vt 0.507501 0.045013
vt 0.525919 0.038776
vt 0.485965 0.213812
vt 0.479461 0.196904
vt 0.511146 0.198978
vt 0.514224 0.216558
vt 0.473139 0.180732
vt 0.508881 0.188069
vt 0.316659 0.839988
vt 0.316659 0.793905
vt 0.358467 0.799448
vt 0.349905 0.854333
vt 0.330548 0.750942
vt 0.366728 0.746496
vt 0.399833 0.761751
vt 0.399977 0.806902
vt 0.385940 0.850796
vt 0.330696 0.958757
vt 0.316659 0.914863
vt 0.358169 0.907408
vt 0.366731 0.962293
vt 0.316803 0.869711
vt 0.349908 0.854456
vt 0.386088 0.858903
vt 0.399977 0.901865
vt 0.399977 0.947949
vt 0.489062 0.295750
vt 0.489969 0.294782
vt 0.491639 0.294685
vt 0.492006 0.295824
vt 0.490394 0.294197
vt 0.491460 0.294075
vt 0.492395 0.293625
vt 0.492984 0.293882
vt 0.494026 0.294146
vt 0.494150 0.292007
vt 0.494938 0.291482
vt 0.493399 0.292209
vt 0.492884 0.289808
vt 0.493422 0.289117
vt 0.493743 0.288425
vt 0.490412 0.287836
vt 0.490367 0.287122
vt 0.490492 0.288759
vt 0.488147 0.290383
vt 0.487255 0.289726
vt 0.486640 0.288970
vt 0.487641 0.293473
vt 0.486411 0.293285
vt 0.488604 0.293301
vt 0.491786 0.318822
vt 0.487956 0.310612
vt 0.497605 0.305241
vt 0.503094 0.310880
vt 0.485440 0.302395
vt 0.494172 0.300618
vt 0.498193 0.295849
vt 0.503218 0.297387
vt 0.510683 0.299189
vt 0.503608 0.289223
vt 0.511281 0.286959
vt 0.498563 0.290433
vt 0.495858 0.285862
vt 0.499948 0.281970
vt 0.506338 0.275863
vt 0.491737 0.277447
vt 0.495317 0.268619
vt 0.490424 0.283629
vt 0.482564 0.285280
vt 0.481412 0.276861
vt 0.481865 0.266357
vt 0.899184 0.522538
vt 0.896292 0.513630
vt 0.905491 0.509523
vt 0.909309 0.517173
vt 0.893493 0.506300
vt 0.902048 0.502777
vt 0.909915 0.497930
vt 0.913847 0.503954
vt 0.918356 0.510343
vt 0.872720 0.629381
vt 0.883888 0.629835
vt 0.874010 0.612851
vt 0.885822 0.613893
vt 0.874685 0.592249
vt 0.891277 0.593624
vt 0.881132 0.572720
vt 0.898817 0.571398
vt 0.490557 0.293742
vt 0.491353 0.293700
vt 0.490628 0.293321
vt 0.491222 0.293241
vt 0.491790 0.292985
vt 0.492052 0.293320
vt 0.492667 0.292151
vt 0.491960 0.292067
vt 0.491735 0.290918
vt 0.492217 0.290396
vt 0.490627 0.289881
vt 0.490749 0.290780
vt 0.489810 0.291198
vt 0.489113 0.290822
vt 0.489371 0.292880
vt 0.490084 0.292466
vt 0.495432 0.142644
vt 0.496101 0.142560
vt 0.496812 0.143074
vt 0.496566 0.143746
vt 0.496457 0.142458
vt 0.496933 0.142741
vt 0.497484 0.142830
vt 0.497684 0.143139
vt 0.498124 0.143628
vt 0.498741 0.142555
vt 0.499241 0.142495
vt 0.498337 0.142457
vt 0.498644 0.141256
vt 0.499009 0.141077
vt 0.499259 0.140854
vt 0.497997 0.140002
vt 0.498096 0.139753
vt 0.497857 0.140353
vt 0.496654 0.140471
vt 0.496504 0.140084
vt 0.496470 0.139743
vt 0.495685 0.141396
vt 0.495339 0.141006
vt 0.496062 0.141598
vt 0.481662 0.150039
vt 0.489112 0.144951
vt 0.494474 0.149873
vt 0.492576 0.156328
vt 0.492671 0.143419
vt 0.495487 0.146784
vt 0.499659 0.145878
vt 0.501291 0.148917
vt 0.503597 0.155518
vt 0.504799 0.143721
vt 0.511492 0.146932
vt 0.501408 0.142841
vt 0.500791 0.139954
vt 0.504012 0.138235
vt 0.511549 0.135292
vt 0.500176 0.134869
vt 0.503836 0.127550
vt 0.498715 0.138240
vt 0.495964 0.137962
vt 0.494824 0.134128
vt 0.491256 0.124314
vt 0.489836 0.137900
vt 0.480589 0.135306
vt 0.493375 0.139739
vt 0.496663 0.142323
vt 0.497002 0.142544
vt 0.496815 0.142173
vt 0.497083 0.142313
vt 0.497399 0.142367
vt 0.497418 0.142589
vt 0.498013 0.142238
vt 0.497721 0.142016
vt 0.497904 0.141473
vt 0.498228 0.141362
vt 0.497679 0.140806
vt 0.497529 0.141188
vt 0.497061 0.141136
vt 0.496893 0.140835
vt 0.496458 0.141652
vt 0.496838 0.141687
vt 0.479254 0.162696
vt 0.499529 0.169672
vt 0.521823 0.167905
vt 0.532175 0.152243
vt 0.531048 0.134570
vt 0.514092 0.121735
vt 0.494157 0.113819
vt 0.833678 0.545880
vt 0.848827 0.547934
vt 0.833206 0.536481
vt 0.846946 0.537825
vt 0.860547 0.538356
vt 0.864562 0.549249
vt 0.500930 0.336252
vt 0.495884 0.327292
vt 0.509626 0.318457
vt 0.517567 0.328692
vt 0.520131 0.303297
vt 0.532352 0.310778
vt 0.521118 0.285080
vt 0.533261 0.283918
vt 0.513167 0.268624
vt 0.519437 0.260926
vt 0.498882 0.260090
vt 0.502230 0.252068
vt 0.483483 0.257129
vt 0.485425 0.249050
vt 0.902887 0.537630
vt 0.901428 0.530473
vt 0.913045 0.524347
vt 0.917238 0.531110
vt 0.923541 0.516856
vt 0.930363 0.522957
vt 0.900116 0.614193
vt 0.900614 0.594236
vt 0.900788 0.572377
vt 0.900359 0.629872
vt 0.487574 0.229598
vt 0.485311 0.216321
vt 0.512625 0.222341
vt 0.511439 0.242805
vt 0.905972 0.543809
vt 0.924596 0.539579
vt 0.942705 0.533381
vt 0.530086 0.261850
vt 0.506013 0.247198
vt 0.485448 0.242298
vt 0.542334 0.335886
vt 0.547852 0.298197
vt 0.504011 0.353770
vt 0.523871 0.351320
vt 0.485664 0.287965
vt 0.484513 0.293348
vt 0.480405 0.294049
vt 0.487837 0.297606
vt 0.494287 0.287591
vt 0.490343 0.286203
vt 0.495515 0.294715
vt 0.496147 0.290995
vt 0.492677 0.297588
vt 0.496363 0.139281
vt 0.494748 0.140541
vt 0.494357 0.142901
vt 0.499642 0.140599
vt 0.498231 0.139417
vt 0.498749 0.144487
vt 0.499955 0.142541
vt 0.496146 0.144905
vt 0.684564 0.360505
vt 0.673210 0.351782
vt 0.689751 0.336461
vt 0.700751 0.355741
vt 0.652404 0.338975
vt 0.667849 0.313698
vt 0.702588 0.286842
vt 0.724127 0.317116
vt 0.735651 0.348920
vt 0.713311 0.427297
vt 0.686751 0.448245
vt 0.667739 0.413683
vt 0.687252 0.403100
vt 0.652487 0.462614
vt 0.637128 0.421478
vt 0.637331 0.391857
vt 0.661762 0.391944
vt 0.676009 0.390518
vt 0.663076 0.370606
vt 0.680337 0.375526
vt 0.637128 0.363210
vt 0.735721 0.391312
vt 0.698436 0.380685
vt 0.786701 0.857277
vt 0.765789 0.858287
vt 0.765422 0.829458
vt 0.785951 0.827888
vt 0.744859 0.857810
vt 0.744859 0.828412
vt 0.747819 0.810027
vt 0.765144 0.807649
vt 0.782524 0.809585
vt 0.137943 0.817128
vt 0.124898 0.757597
vt 0.197474 0.757597
vt 0.197474 0.830173
vt 0.137943 0.698066
vt 0.197474 0.685021
vt 0.257005 0.698066
vt 0.270050 0.757597
vt 0.257005 0.817128
vt 0.078413 0.876659
vt 0.197474 0.876659
vt 0.078413 0.757597
vt 0.316536 0.876659
vt 0.316536 0.757597
vt 0.316536 0.638535
vt 0.197474 0.638535
vt 0.078413 0.638535
vt 0.197474 0.863797
vt 0.118192 0.836880
vt 0.276757 0.836880
vt 0.091274 0.757597
vt 0.118192 0.678315
vt 0.197474 0.651397
vt 0.276757 0.678315
vt 0.303674 0.757597
s 1
usemtl Material
f 45/1/45 46/2/46 49/3/49 48/4/48
f 46/2/46 47/5/47 50/6/50 49/3/49
f 48/4/48 49/3/49 52/7/52 51/8/51
f 49/3/49 50/6/50 53/9/53 52/7/52
f 1/10/1 12/11/12 45/12/45 11/13/11
f 12/14/12 13/15/13 46/2/46 45/1/45
f 13/15/13 14/16/14 47/5/47 46/2/46
f 14/16/14 2/17/2 15/18/15 47/5/47
f 47/5/47 15/18/15 16/19/16 50/6/50
f 50/6/50 16/19/16 17/20/17 53/9/53
f 53/9/53 17/20/17 4/21/4 18/22/18
f 52/7/52 53/9/53 18/22/18 19/23/19
f 51/8/51 52/7/52 19/23/19 20/24/20
f 9/25/9 51/26/51 20/27/20 3/28/3
f 10/29/10 48/30/48 51/26/51 9/25/9
f 11/13/11 45/12/45 48/30/48 10/29/10
f 54/31/54 55/32/55 58/33/58 57/34/57
f 55/32/55 56/35/56 59/36/59 58/33/58
f 57/34/57 58/33/58 61/37/61 60/38/60
f 58/33/58 59/36/59 62/39/62 61/37/61
f 3/40/3 20/24/20 54/31/54 23/41/23
f 20/24/20 19/23/19 55/32/55 54/31/54
f 19/23/19 18/22/18 56/35/56 55/32/55
f 18/22/18 4/21/4 24/42/24 56/35/56
f 56/35/56 24/42/24 25/43/25 59/36/59
f 59/36/59 25/43/25 26/44/26 62/39/62
f 62/39/62 26/44/26 8/45/8 27/46/27
f 61/37/61 62/39/62 27/46/27 28/47/28
f 60/38/60 61/37/61 28/47/28 29/48/29
f 21/49/21 60/38/60 29/48/29 7/50/7
f 22/51/22 57/34/57 60/38/60 21/49/21
f 23/41/23 54/31/54 57/34/57 22/51/22
f 63/52/63 64/53/64 67/54/67 66/55/66
f 64/53/64 65/56/65 68/57/68 67/54/67
f 66/55/66 67/54/67 70/58/70 69/59/69
f 67/54/67 68/57/68 71/60/71 70/58/70
f 7/61/7 29/62/29 63/63/63 32/64/32
f 29/48/29 28/47/28 64/53/64 63/52/63
f 28/47/28 27/46/27 65/56/65 64/53/64
f 27/46/27 8/45/8 33/65/33 65/56/65
f 65/56/65 33/65/33 34/66/34 68/57/68
f 68/57/68 34/66/34 35/67/35 71/60/71
f 71/60/71 35/67/35 6/68/6 36/69/36
f 70/58/70 71/60/71 36/69/36 37/70/37
f 69/59/69 70/58/70 37/70/37 38/71/38
f 30/72/30 69/73/69 38/74/38 5/75/5
f 31/76/31 66/77/66 69/73/69 30/72/30
f 32/64/32 63/63/63 66/77/66 31/76/31
f 72/78/72 73/79/73 76/80/76 75/81/75
f 73/79/73 74/82/74 77/83/77 76/80/76
f 75/81/75 76/80/76 79/84/79 78/85/78
f 76/80/76 77/83/77 80/86/80 79/84/79
f 5/75/5 38/74/38 72/87/72 41/88/41
f 38/71/38 37/70/37 73/79/73 72/78/72
f 37/70/37 36/69/36 74/82/74 73/79/73
f 36/69/36 6/68/6 42/89/42 74/82/74
f 74/82/74 42/89/42 43/90/43 77/83/77
f 77/83/77 43/90/43 44/91/44 80/86/80
f 80/86/80 44/91/44 2/17/2 14/16/14
f 79/84/79 80/86/80 14/16/14 13/15/13
f 78/85/78 79/84/79 13/15/13 12/14/12
f 39/92/39 78/93/78 12/11/12 1/10/1
f 40/94/40 75/95/75 78/93/78 39/92/39
f 41/88/41 72/87/72 75/95/75 40/94/40
f 81/96/81 82/97/82 85/98/85 84/99/84
f 82/97/82 83/100/83 86/101/86 85/98/85
f 84/99/84 85/98/85 88/102/88 87/103/87
f 85/98/85 86/101/86 89/104/89 88/102/88
f 3/28/3 23/105/23 81/96/81 9/25/9
f 23/41/23 22/51/22 82/106/82 81/107/81
f 22/51/22 21/49/21 83/108/83 82/106/82
f 21/109/21 7/61/7 32/64/32 83/100/83
f 83/100/83 32/64/32 31/76/31 86/101/86
f 86/101/86 31/76/31 30/72/30 89/104/89
f 89/104/89 30/72/30 5/75/5 41/88/41
f 88/102/88 89/104/89 41/88/41 40/94/40
f 87/103/87 88/102/88 40/94/40 39/92/39
f 11/13/11 87/103/87 39/92/39 1/10/1
f 10/29/10 84/99/84 87/103/87 11/13/11
f 9/25/9 81/96/81 84/99/84 10/29/10
f 90/110/90 91/111/91 94/112/94 93/113/93
f 91/111/91 92/114/92 95/115/95 94/112/94
f 93/113/93 94/112/94 97/116/97 96/117/96
f 94/112/94 95/115/95 98/118/98 97/116/97
f 8/45/8 26/44/26 90/110/90 33/65/33
f 26/44/26 25/43/25 91/111/91 90/110/90
f 25/43/25 24/42/24 92/114/92 91/111/91
f 24/42/24 4/21/4 17/20/17 92/114/92
f 92/114/92 17/20/17 16/19/16 95/115/95
f 95/115/95 16/19/16 15/18/15 98/118/98
f 98/118/98 15/18/15 2/17/2 44/91/44
f 97/116/97 98/118/98 44/91/44 43/90/43
f 96/117/96 97/116/97 43/90/43 42/89/42
f 35/67/35 96/117/96 42/89/42 6/68/6
f 34/66/34 93/113/93 96/117/96 35/67/35
f 33/65/33 90/110/90 93/113/93 34/66/34
f 101/119/101 102/120/102 177/121/170
f 106/122/106 105/123/105 104/124/104 103/125/103
f 114/126/114 113/127/113 112/128/112 111/129/111
f 135/130/135 136/131/136 177/132/170
f 124/133/124 123/134/123 122/135/122 121/136/121
f 116/137/116 100/138/100 177/121/170
f 134/139/134 133/140/133 132/141/132 131/142/131
f 100/138/100 101/119/101 177/121/170
f 137/143/137 138/144/138 100/138/100 99/145/99
f 138/144/138 139/146/139 101/119/101 100/138/100
f 139/146/139 140/147/140 102/120/102 101/119/101
f 140/147/140 137/143/137 99/145/99 102/120/102
f 141/148/141 142/149/142 138/144/138 137/143/137
f 142/149/142 143/150/143 139/146/139 138/144/138
f 143/150/143 144/151/144 140/147/140 139/146/139
f 144/151/144 141/148/141 137/143/137 140/147/140
f 145/152/141 146/153/142 142/149/142 141/148/141
f 146/153/142 147/154/143 143/150/143 142/149/142
f 147/154/143 148/155/144 144/151/144 143/150/143
f 148/155/144 145/152/141 141/148/141 144/151/144
f 103/125/103 104/124/104 146/153/142 145/152/141
f 104/124/104 105/123/105 147/154/143 146/153/142
f 105/123/105 106/122/106 148/155/144 147/154/143
f 106/122/106 103/125/103 145/152/141 148/155/144
f 149/156/145 150/157/146 108/158/108 107/159/107
f 150/157/146 151/160/147 109/161/109 108/158/108
f 151/160/147 152/162/148 110/163/110 109/161/109
f 152/162/148 149/156/145 107/159/107 110/163/110
f 153/164/149 154/165/150 150/157/146 149/156/145
f 154/165/150 155/166/151 151/160/147 150/157/146
f 155/166/151 156/167/152 152/162/148 151/160/147
f 156/167/152 153/164/149 149/156/145 152/162/148
f 157/168/149 158/169/150 154/165/150 153/164/149
f 158/169/150 159/170/151 155/166/151 154/165/150
f 159/170/151 160/171/153 156/167/152 155/166/151
f 160/171/153 157/168/149 153/164/149 156/167/152
f 111/129/111 112/128/112 158/169/150 157/168/149
f 112/128/112 113/127/113 159/170/151 158/169/150
f 113/127/113 114/126/114 160/171/153 159/170/151
f 114/126/114 111/129/111 157/168/149 160/171/153
f 161/172/154 162/173/155 116/137/116 115/174/115
f 162/173/155 163/175/156 100/138/100 116/137/116
f 163/175/156 164/176/157 99/145/99 100/138/100
f 164/176/157 161/172/154 115/174/115 99/145/99
f 107/159/107 108/158/108 162/173/155 161/172/154
f 108/158/108 109/161/109 163/175/156 162/173/155
f 109/161/109 110/163/110 164/176/157 163/175/156
f 110/163/110 107/159/107 161/172/154 164/176/157
f 165/177/158 166/178/159 118/179/118 117/180/117
f 166/178/159 167/181/160 119/182/119 118/179/118
f 167/181/160 168/183/161 120/184/120 119/182/119
f 168/183/161 165/177/158 117/180/117 120/184/120
f 121/136/121 122/135/122 166/178/159 165/177/158
f 122/135/122 123/134/123 167/181/160 166/178/159
f 123/134/123 124/133/124 168/183/161 167/181/160
f 124/133/124 121/136/121 165/177/158 168/183/161
f 117/180/117 118/179/118 126/185/126 125/186/125
f 118/179/118 119/182/119 116/187/116 126/185/126
f 119/182/119 120/184/120 115/188/115 116/187/116
f 120/184/120 117/180/117 125/186/125 115/188/115
f 169/189/162 170/190/163 128/191/128 127/192/127
f 170/190/163 171/193/164 129/194/129 128/191/128
f 171/193/164 172/195/165 130/196/130 129/194/129
f 172/195/165 169/189/162 127/192/127 130/196/130
f 173/197/166 174/198/167 170/190/163 169/189/162
f 174/198/167 175/199/168 171/193/164 170/190/163
f 175/199/168 176/200/169 172/195/165 171/193/164
f 176/200/169 173/197/166 169/189/162 172/195/165
f 131/142/131 132/141/132 174/198/167 173/197/166
f 132/141/132 133/140/133 175/199/168 174/198/167
f 133/140/133 134/139/134 176/200/169 175/199/168
f 134/139/134 131/142/131 173/197/166 176/200/169
f 127/192/127 128/191/128 136/131/136 135/130/135
f 128/191/128 129/194/129 126/185/126 136/131/136
f 129/194/129 130/196/130 125/186/125 126/185/126
f 130/196/130 127/192/127 135/130/135 125/186/125
f 136/131/136 126/185/126 177/132/170
f 102/120/102 99/145/99 177/121/170
f 99/145/99 115/174/115 177/121/170
f 115/188/115 125/186/125 177/132/170
f 125/186/125 135/130/135 177/132/170
f 126/185/126 116/187/116 177/132/170
f 180/201/173 256/202/242 181/203/174
f 185/204/178 182/205/175 183/206/176 184/207/177
f 193/208/186 190/209/183 191/210/184 192/211/185
f 214/212/207 256/213/242 215/214/208
f 203/215/196 200/216/193 201/217/194 202/218/195
f 195/219/188 256/202/242 179/220/172
f 213/221/206 210/222/203 211/223/204 212/224/205
f 179/220/172 256/202/242 180/201/173
f 216/225/209 178/226/171 179/220/172 217/227/210
f 217/227/210 179/220/172 180/201/173 218/228/211
f 218/228/211 180/201/173 181/203/174 219/229/212
f 219/229/212 181/203/174 178/226/171 216/225/209
f 220/230/213 216/225/209 217/227/210 221/231/214
f 221/231/214 217/227/210 218/228/211 222/232/215
f 222/232/215 218/228/211 219/229/212 223/233/216
f 223/233/216 219/229/212 216/225/209 220/230/213
f 224/234/213 220/230/213 221/231/214 225/235/214
f 225/235/214 221/231/214 222/232/215 226/236/215
f 226/236/215 222/232/215 223/233/216 227/237/216
f 227/237/216 223/233/216 220/230/213 224/234/213
f 182/205/175 224/234/213 225/235/214 183/206/176
f 183/206/176 225/235/214 226/236/215 184/207/177
f 184/207/177 226/236/215 227/237/216 185/204/178
f 185/204/178 227/237/216 224/234/213 182/205/175
f 228/238/217 186/239/179 187/240/180 229/241/218
f 229/241/218 187/240/180 188/242/181 230/243/219
f 230/243/219 188/242/181 189/244/182 231/245/220
f 231/245/220 189/244/182 186/239/179 228/238/217
f 232/246/221 228/238/217 229/241/218 233/247/222
f 233/247/222 229/241/218 230/243/219 234/248/223
f 234/248/223 230/243/219 231/245/220 235/249/224
f 235/249/224 231/245/220 228/238/217 232/246/221
f 236/250/221 232/246/221 233/247/222 237/251/222
f 237/251/222 233/247/222 234/248/223 238/252/223
f 238/252/223 234/248/223 235/249/224 239/253/225
f 239/253/225 235/249/224 232/246/221 236/250/221
f 190/209/183 236/250/221 237/251/222 191/210/184
f 191/210/184 237/251/222 238/252/223 192/211/185
f 192/211/185 238/252/223 239/253/225 193/208/186
f 193/208/186 239/253/225 236/250/221 190/209/183
f 240/254/226 194/255/187 195/219/188 241/256/227
f 241/256/227 195/219/188 179/220/172 242/257/228
f 242/257/228 179/220/172 178/226/171 243/258/229
f 243/258/229 178/226/171 194/255/187 240/254/226
f 186/239/179 240/254/226 241/256/227 187/240/180
f 187/240/180 241/256/227 242/257/228 188/242/181
f 188/242/181 242/257/228 243/258/229 189/244/182
f 189/244/182 243/258/229 240/254/226 186/239/179
f 244/259/230 196/260/189 197/261/190 245/262/231
f 245/262/231 197/261/190 198/263/191 246/264/232
f 246/264/232 198/263/191 199/265/192 247/266/233
f 247/266/233 199/265/192 196/260/189 244/259/230
f 200/216/193 244/259/230 245/262/231 201/217/194
f 201/217/194 245/262/231 246/264/232 202/218/195
f 202/218/195 246/264/232 247/266/233 203/215/196
f 203/215/196 247/266/233 244/259/230 200/216/193
f 196/260/189 204/267/197 205/268/198 197/261/190
f 197/261/190 205/268/198 195/269/188 198/263/191
f 198/263/191 195/269/188 194/270/187 199/265/192
f 199/265/192 194/270/187 204/267/197 196/260/189
f 248/271/234 206/272/199 207/273/200 249/274/235
f 249/274/235 207/273/200 208/275/201 250/276/236
f 250/276/236 208/275/201 209/277/202 251/278/237
f 251/278/237 209/277/202 206/272/199 248/271/234
f 252/279/238 248/271/234 249/274/235 253/280/239
f 253/280/239 249/274/235 250/276/236 254/281/240
f 254/281/240 250/276/236 251/278/237 255/282/241
f 255/282/241 251/278/237 248/271/234 252/279/238
f 210/222/203 252/279/238 253/280/239 211/223/204
f 211/223/204 253/280/239 254/281/240 212/224/205
f 212/224/205 254/281/240 255/282/241 213/221/206
f 213/221/206 255/282/241 252/279/238 210/222/203
f 206/272/199 214/212/207 215/214/208 207/273/200
f 207/273/200 215/214/208 205/268/198 208/275/201
f 208/275/201 205/268/198 204/267/197 209/277/202
f 209/277/202 204/267/197 214/212/207 206/272/199
f 215/214/208 256/213/242 205/268/198
f 181/203/174 256/202/242 178/226/171
f 178/226/171 256/202/242 194/255/187
f 194/270/187 256/213/242 204/267/197
f 204/267/197 256/213/242 214/212/207
f 205/268/198 256/213/242 195/269/188
f 260/283/246 257/284/243 300/285/286 302/286/288
f 264/287/250 263/288/249 262/289/248 261/290/247
f 272/291/258 271/292/257 270/293/256 269/294/255
f 298/295/284 286/296/272 276/297/262 304/298/290
f 284/299/270 283/300/269 282/301/268 281/302/267
f 286/296/272 274/303/260 287/304/273 276/297/262
f 296/305/282 295/306/281 294/307/280 293/308/279
f 299/309/285 287/304/273 274/303/260 258/310/244
f 258/311/244 259/312/245 301/313/287 299/314/285
f 308/315/294 307/316/293 306/317/292 305/318/291
f 317/319/303 318/320/304 310/321/296 309/322/295
f 318/320/304 319/323/305 311/324/297 310/321/296
f 319/323/305 320/325/306 312/326/298 311/324/297
f 320/325/306 317/319/303 309/322/295 312/326/298
f 321/327/307 322/328/308 318/320/304 317/319/303
f 322/328/308 323/329/309 319/323/305 318/320/304
f 323/329/309 324/330/310 320/325/306 319/323/305
f 324/330/310 321/327/307 317/319/303 320/325/306
f 325/331/311 326/332/312 322/328/308 321/327/307
f 326/332/312 327/333/313 323/329/309 322/328/308
f 327/333/313 328/334/314 324/330/310 323/329/309
f 328/334/314 325/331/311 321/327/307 324/330/310
f 261/290/247 262/289/248 326/332/312 325/331/311
f 262/289/248 263/288/249 327/333/313 326/332/312
f 263/288/249 264/287/250 328/334/314 327/333/313
f 264/287/250 261/290/247 325/331/311 328/334/314
f 329/335/315 330/336/316 266/337/252 265/338/251
f 330/336/316 331/339/317 267/340/253 266/337/252
f 331/339/317 332/341/318 268/342/254 267/340/253
f 332/341/318 329/335/315 265/338/251 268/342/254
f 333/343/319 334/344/320 330/336/316 329/335/315
f 334/344/320 335/345/321 331/339/317 330/336/316
f 335/345/321 336/346/322 332/341/318 331/339/317
f 336/346/322 333/343/319 329/335/315 332/341/318
f 337/347/319 338/348/320 334/344/320 333/343/319
f 338/348/320 339/349/321 335/345/321 334/344/320
f 339/349/321 340/350/322 336/346/322 335/345/321
f 340/350/322 337/347/319 333/343/319 336/346/322
f 269/294/255 270/293/256 338/348/320 337/347/319
f 270/293/256 271/292/257 339/349/321 338/348/320
f 271/292/257 272/291/258 340/350/322 339/349/321
f 272/291/258 269/294/255 337/347/319 340/350/322
f 341/351/323 342/352/324 274/303/260 273/353/259
f 342/352/324 343/354/325 258/310/244 274/303/260
f 343/354/325 344/355/326 257/356/243 258/310/244
f 344/355/326 341/351/323 273/353/259 257/356/243
f 265/338/251 266/337/252 342/352/324 341/351/323
f 266/337/252 267/340/253 343/354/325 342/352/324
f 267/340/253 268/342/254 344/355/326 343/354/325
f 268/342/254 265/338/251 341/351/323 344/355/326
f 345/357/327 346/358/328 278/359/264 277/360/263
f 346/358/328 347/361/329 279/362/265 278/359/264
f 347/361/329 348/363/330 280/364/266 279/362/265
f 348/363/330 345/357/327 277/360/263 280/364/266
f 281/302/267 282/301/268 346/358/328 345/357/327
f 282/301/268 283/300/269 347/361/329 346/358/328
f 283/300/269 284/299/270 348/363/330 347/361/329
f 284/299/270 281/302/267 345/357/327 348/363/330
f 277/360/263 278/359/264 286/296/272 285/365/271
f 278/359/264 279/362/265 274/303/260 286/296/272
f 279/362/265 280/364/266 273/353/259 274/303/260
f 280/364/266 277/360/263 285/365/271 273/353/259
f 349/366/331 350/367/332 290/368/276 289/369/275
f 350/367/332 351/370/333 291/371/277 290/368/276
f 351/370/333 352/372/334 292/373/278 291/371/277
f 352/372/334 349/366/331 289/369/275 292/373/278
f 353/374/335 354/375/336 350/367/332 349/366/331
f 354/375/336 355/376/337 351/370/333 350/367/332
f 355/376/337 356/377/338 352/372/334 351/370/333
f 356/377/338 353/374/335 349/366/331 352/372/334
f 293/308/279 294/307/280 354/375/336 353/374/335
f 294/307/280 295/306/281 355/376/337 354/375/336
f 295/306/281 296/305/282 356/377/338 355/376/337
f 296/305/282 293/308/279 353/374/335 356/377/338
f 289/369/275 290/368/276 298/295/284 297/378/283
f 290/368/276 291/371/277 286/296/272 298/295/284
f 291/371/277 292/373/278 285/365/271 286/296/272
f 292/373/278 289/369/275 297/378/283 285/365/271
f 357/379/339 358/380/340 314/381/300 313/382/299
f 358/380/340 359/383/341 315/384/301 314/381/300
f 359/383/341 360/385/342 316/386/302 315/384/301
f 360/385/342 357/379/339 313/382/299 316/386/302
f 361/387/343 362/388/344 358/380/340 357/379/339
f 362/388/344 363/389/345 359/383/341 358/380/340
f 363/389/345 364/390/346 360/385/342 359/383/341
f 364/390/346 361/387/343 357/379/339 360/385/342
f 365/391/343 366/392/344 362/388/344 361/387/343
f 366/392/344 367/393/345 363/389/345 362/388/344
f 367/393/345 368/394/346 364/390/346 363/389/345
f 368/394/346 365/391/343 361/387/343 364/390/346
f 305/318/291 306/317/292 366/392/344 365/391/343
f 306/317/292 307/316/293 367/393/345 366/392/344
f 307/316/293 308/315/294 368/394/346 367/393/345
f 308/315/294 305/318/291 365/391/343 368/394/346
f 369/395/347 370/396/348 302/286/288 301/313/287
f 370/396/348 371/397/349 260/283/246 302/286/288
f 371/397/349 372/398/350 259/312/245 260/283/246
f 372/398/350 369/395/347 301/313/287 259/312/245
f 313/382/299 314/381/300 370/396/348 369/395/347
f 314/381/300 315/384/301 371/397/349 370/396/348
f 315/384/301 316/386/302 372/398/350 371/397/349
f 316/386/302 313/382/299 369/395/347 372/398/350
f 373/399/351 374/400/352 258/311/244 257/284/243
f 374/400/352 375/401/353 259/312/245 258/311/244
f 375/401/353 376/402/354 260/283/246 259/312/245
f 376/402/354 373/399/351 257/284/243 260/283/246
f 309/322/295 310/321/296 374/400/352 373/399/351
f 310/321/296 311/324/297 375/401/353 374/400/352
f 311/324/297 312/326/298 376/402/354 375/401/353
f 312/326/298 309/322/295 373/399/351 376/402/354
f 302/286/288 300/285/286 299/314/285 301/313/287
f 300/403/286 288/404/274 287/304/273 299/309/285
f 288/404/274 275/405/261 276/297/262 287/304/273
f 275/405/261 303/406/289 304/298/290 276/297/262
f 288/404/274 300/403/286 257/356/243 273/353/259
f 273/353/259 285/365/271 275/405/261 288/404/274
f 285/365/271 297/378/283 303/406/289 275/405/261
f 303/406/289 297/378/283 377/407/355 380/408/358
f 377/407/355 378/409/356 379/410/357 380/408/358
f 298/295/284 304/298/290 379/410/357 378/409/356
f 297/378/283 298/295/284 378/409/356 377/407/355
f 304/298/290 303/406/289 380/408/358 379/410/357
f 412/411/390 403/412/381 392/413/370 408/414/386
f 404/415/382 405/416/383 384/417/362 382/418/360
f 405/416/383 406/419/384 386/420/364 384/417/362
f 406/419/384 407/421/385 388/422/366 386/420/364
f 387/423/365 389/424/367 407/425/385
f 387/423/365 400/426/378 402/427/380 389/424/367
f 386/420/364 399/428/377 397/429/375 384/417/362
f 383/430/361 396/431/374 398/432/376 385/433/363
f 388/422/366 401/434/379 399/428/377 386/420/364
f 409/435/387 391/436/369 393/437/371 410/438/388
f 385/433/363 398/432/376 400/439/378 387/440/365
f 384/417/362 397/429/375 395/441/373 382/418/360
f 381/442/359 394/443/372 396/431/374 383/430/361
f 410/438/388 393/437/371 390/444/368 411/445/389
f 389/424/367 402/427/380 401/446/379 388/447/366
f 385/433/363 387/440/365 407/421/385 406/419/384
f 383/430/361 385/433/363 406/419/384 405/416/383
f 381/442/359 383/430/361 405/416/383 404/415/382
f 411/445/389 390/444/368 403/412/381 412/411/390
f 389/424/367 388/447/366 407/425/385
f 404/415/382 411/445/389 412/411/390 381/442/359
f 382/418/360 410/438/388 411/445/389 404/415/382
f 395/441/373 409/435/387 410/438/388 382/418/360
f 381/442/359 412/411/390 408/414/386 394/443/372
f 444/448/422 440/449/418 424/450/402 435/451/413
f 436/452/414 414/453/392 416/454/394 437/455/415
f 437/455/415 416/454/394 418/456/396 438/457/416
f 438/457/416 418/456/396 420/458/398 439/459/417
f 419/460/397 439/461/417 421/462/399
f 419/463/397 421/464/399 434/465/412 432/466/410
f 418/456/396 416/454/394 429/467/407 431/468/409
f 415/469/393 417/470/395 430/471/408 428/472/406
f 420/458/398 418/456/396 431/468/409 433/473/411
f 441/474/419 442/475/420 425/476/403 423/477/401
f 417/470/395 419/478/397 432/479/410 430/471/408
f 416/454/394 414/453/392 427/480/405 429/467/407
f 413/481/391 415/469/393 428/472/406 426/482/404
f 442/475/420 443/483/421 422/484/400 425/476/403
f 421/485/399 420/458/398 433/473/411 434/486/412
f 417/487/395 438/488/416 439/461/417 419/460/397
f 415/489/393 437/490/415 438/488/416 417/487/395
f 413/491/391 436/492/414 437/490/415 415/489/393
f 443/493/421 444/494/422 435/495/413 422/496/400
f 421/485/399 439/459/417 420/458/398
f 436/492/414 413/491/391 444/494/422 443/493/421
f 414/453/392 436/452/414 443/483/421 442/475/420
f 427/480/405 414/453/392 442/475/420 441/474/419
f 413/481/391 426/482/404 440/449/418 444/448/422
f 392/413/370 424/450/402 440/449/418 408/414/386
f 395/441/373 427/480/405 441/474/419 409/435/387
f 397/429/375 429/467/407 427/480/405 395/441/373
f 394/443/372 426/482/404 428/472/406 396/431/374
f 399/428/377 431/468/409 429/467/407 397/429/375
f 396/431/374 428/472/406 430/471/408 398/432/376
f 401/434/379 433/473/411 431/468/409 399/428/377
f 398/432/376 430/471/408 432/479/410 400/439/378
f 400/426/378 432/466/410 434/465/412 402/427/380
f 403/412/381 435/451/413 424/450/402 392/413/370
f 391/436/369 423/477/401 425/476/403 393/437/371
f 402/427/380 434/465/412 433/497/411 401/446/379
f 393/437/371 425/476/403 422/484/400 390/444/368
f 390/444/368 422/484/400 435/451/413 403/412/381
f 408/414/386 440/449/418 426/482/404 394/443/372
f 409/435/387 441/474/419 423/477/401 391/436/369
f 476/498/454 472/499/450 456/500/434 467/501/445
f 468/502/446 446/503/424 448/504/426 469/505/447
f 469/505/447 448/504/426 450/506/428 470/507/448
f 470/507/448 450/506/428 452/508/430 471/509/449
f 451/510/429 471/511/449 453/512/431
f 451/510/429 453/512/431 466/513/444 464/514/442
f 450/506/428 448/504/426 461/515/439 463/516/441
f 447/517/425 449/518/427 462/519/440 460/520/438
f 452/508/430 450/506/428 463/516/441 465/521/443
f 473/522/451 474/523/452 457/524/435 455/525/433
f 449/518/427 451/526/429 464/527/442 462/519/440
f 448/504/426 446/503/424 459/528/437 461/515/439
f 445/529/423 447/517/425 460/520/438 458/530/436
f 474/523/452 475/531/453 454/532/432 457/524/435
f 453/512/431 452/533/430 465/534/443 466/513/444
f 449/518/427 470/507/448 471/509/449 451/526/429
f 447/517/425 469/505/447 470/507/448 449/518/427
f 445/529/423 468/502/446 469/505/447 447/517/425
f 475/531/453 476/498/454 467/501/445 454/532/432
f 453/512/431 471/511/449 452/533/430
f 468/502/446 445/529/423 476/498/454 475/531/453
f 446/503/424 468/502/446 475/531/453 474/523/452
f 459/528/437 446/503/424 474/523/452 473/522/451
f 445/529/423 458/530/436 472/499/450 476/498/454
f 508/535/486 499/536/477 488/537/466 504/538/482
f 500/539/478 501/540/479 480/541/458 478/542/456
f 501/540/479 502/543/480 482/544/460 480/541/458
f 502/543/480 503/545/481 484/546/462 482/544/460
f 483/547/461 485/548/463 503/549/481
f 483/550/461 496/551/474 498/552/476 485/553/463
f 482/544/460 495/554/473 493/555/471 480/541/458
f 479/556/457 492/557/470 494/558/472 481/559/459
f 484/546/462 497/560/475 495/554/473 482/544/460
f 505/561/483 487/562/465 489/563/467 506/564/484
f 481/559/459 494/558/472 496/565/474 483/566/461
f 480/541/458 493/555/471 491/567/469 478/542/456
f 477/568/455 490/569/468 492/557/470 479/556/457
f 506/564/484 489/563/467 486/570/464 507/571/485
f 485/572/463 498/573/476 497/560/475 484/546/462
f 481/574/459 483/547/461 503/549/481 502/575/480
f 479/576/457 481/574/459 502/575/480 501/577/479
f 477/578/455 479/576/457 501/577/479 500/579/478
f 507/580/485 486/581/464 499/582/477 508/583/486
f 485/584/463 484/585/462 503/586/481
f 500/579/478 507/580/485 508/583/486 477/578/455
f 478/542/456 506/564/484 507/571/485 500/539/478
f 491/567/469 505/561/483 506/564/484 478/542/456
f 477/568/455 508/535/486 504/538/482 490/569/468
f 456/500/434 472/499/450 504/538/482 488/537/466
f 459/528/437 473/522/451 505/561/483 491/567/469
f 461/515/439 459/528/437 491/567/469 493/555/471
f 458/530/436 460/520/438 492/557/470 490/569/468
f 463/516/441 461/515/439 493/555/471 495/554/473
f 460/520/438 462/519/440 494/558/472 492/557/470
f 465/521/443 463/516/441 495/554/473 497/560/475
f 462/519/440 464/527/442 496/565/474 494/558/472
f 464/514/442 466/513/444 498/552/476 496/551/474
f 467/501/445 456/500/434 488/537/466 499/536/477
f 455/525/433 457/524/435 489/563/467 487/562/465
f 466/513/444 465/534/443 497/587/475 498/552/476
f 457/524/435 454/532/432 486/570/464 489/563/467
f 454/532/432 467/501/445 499/536/477 486/570/464
f 472/499/450 458/530/436 490/569/468 504/538/482
f 473/522/451 455/525/433 487/562/465 505/561/483
f 529/588/507 530/589/508 531/590/509 532/591/510 533/592/511 534/593/512 535/594/513 536/595/514 537/596/515 538/597/516 539/598/517 540/599/518 541/600/519 542/601/520 543/602/521 544/603/522 545/604/523 546/605/524 547/606/525 548/607/526
f 530/589/508 529/588/507 525/608/503 524/609/502
f 531/590/509 530/589/508 524/609/502 523/610/501
f 532/591/510 531/590/509 523/610/501 522/611/500
f 533/592/511 532/591/510 522/611/500 521/612/499
f 534/593/512 533/592/511 521/612/499 520/613/498
f 535/594/513 534/593/512 520/613/498 519/614/497
f 536/595/514 535/594/513 519/614/497 518/615/496
f 537/596/515 536/595/514 518/615/496 517/616/495
f 538/597/516 537/596/515 517/616/495 516/617/494
f 539/598/517 538/597/516 516/617/494 515/618/493
f 540/599/518 539/598/517 515/618/493 514/619/492
f 541/600/519 540/599/518 514/619/492 513/620/491
f 542/601/520 541/600/519 513/620/491 512/621/490
f 543/602/521 542/601/520 512/621/490 511/622/489
f 544/603/522 543/602/521 511/622/489 510/623/488
f 545/604/523 544/603/522 510/623/488 509/624/487
f 546/605/524 545/604/523 509/624/487 528/625/506
f 547/606/525 546/605/524 528/625/506 527/626/505
f 548/607/526 547/606/525 527/626/505 526/627/504
f 529/588/507 548/607/526 526/627/504 525/608/503
f 569/628/509 570/629/510 571/630/511 572/631/512 573/632/513 574/633/514 575/634/515 576/635/516 577/636/517 578/637/518 579/638/519 580/639/520 581/640/521 582/641/522 583/642/523 584/643/524 585/644/528 586/645/526 587/646/507 588/647/508
f 570/629/510 569/628/509 563/648/501 562/649/500
f 571/630/511 570/629/510 562/649/500 561/650/499
f 572/631/512 571/630/511 561/650/499 560/651/498
f 573/632/513 572/631/512 560/651/498 559/652/497
f 574/633/514 573/632/513 559/652/497 558/653/496
f 575/634/515 574/633/514 558/653/496 557/654/495
f 576/635/516 575/634/515 557/654/495 556/655/494
f 577/636/517 576/635/516 556/655/494 555/656/493
f 578/637/518 577/636/517 555/656/493 554/657/492
f 579/638/519 578/637/518 554/657/492 553/658/491
f 580/639/520 579/638/519 553/658/491 552/659/490
f 581/640/521 580/639/520 552/659/490 551/660/489
f 582/641/522 581/640/521 551/660/489 550/661/488
f 583/642/523 582/641/522 550/661/488 549/662/487
f 584/643/524 583/642/523 549/662/487 568/663/506
f 585/644/528 584/643/524 568/663/506 567/664/527
f 586/645/526 585/644/528 567/664/527 566/665/504
f 587/646/507 586/645/526 566/665/504 565/666/503
f 588/647/508 587/646/507 565/666/503 564/667/502
f 569/628/509 588/647/508 564/667/502 563/648/501
f 609/668/507 610/669/508 611/670/509 612/671/510 613/672/511 614/673/512 615/674/513 616/675/514 617/676/515 618/677/516 619/678/529 620/679/518 621/680/519 622/681/520 623/682/521 624/683/522 625/684/523 626/685/524 627/686/528 628/687/526
f 610/669/508 609/668/507 605/688/503 604/689/502
f 611/670/509 610/669/508 604/689/502 603/690/501
f 612/671/510 611/670/509 603/690/501 602/691/500
f 613/672/511 612/671/510 602/691/500 601/692/499
f 614/673/512 613/672/511 601/692/499 600/693/498
f 615/674/513 614/673/512 600/693/498 599/694/497
f 616/675/514 615/674/513 599/694/497 598/695/496
f 617/676/515 616/675/514 598/695/496 597/696/495
f 618/677/516 617/676/515 597/696/495 596/697/494
f 619/678/529 618/677/516 596/697/494 595/698/493
f 620/679/518 619/678/529 595/698/493 594/699/492
f 621/680/519 620/679/518 594/699/492 593/700/491
f 622/681/520 621/680/519 593/700/491 592/701/490
f 623/682/521 622/681/520 592/701/490 591/702/489
f 624/683/522 623/682/521 591/702/489 590/703/488
f 625/684/523 624/683/522 590/703/488 589/704/487
f 626/685/524 625/684/523 589/704/487 608/705/506
f 627/686/528 626/685/524 608/705/506 607/706/527
f 628/687/526 627/686/528 607/706/527 606/707/504
f 609/668/507 628/687/526 606/707/504 605/688/503
f 649/708/550 668/709/569 667/710/568 666/711/567 665/712/566 664/713/565 663/714/564 662/715/563 661/716/562 660/717/561 659/718/560 658/719/559 657/720/558 656/721/557 655/722/556 654/723/555 653/724/554 652/725/553 651/726/552 650/727/551
f 650/727/551 644/728/545 645/729/546 649/708/550
f 651/726/552 643/730/544 644/728/545 650/727/551
f 652/725/553 642/731/543 643/730/544 651/726/552
f 653/724/554 641/732/542 642/731/543 652/725/553
f 654/723/555 640/733/541 641/732/542 653/724/554
f 655/722/556 639/734/540 640/733/541 654/723/555
f 656/721/557 638/735/539 639/734/540 655/722/556
f 657/720/558 637/736/538 638/735/539 656/721/557
f 658/719/559 636/737/537 637/736/538 657/720/558
f 659/718/560 635/738/536 636/737/537 658/719/559
f 660/717/561 634/739/535 635/738/536 659/718/560
f 661/716/562 633/740/534 634/739/535 660/717/561
f 662/715/563 632/741/533 633/740/534 661/716/562
f 663/714/564 631/742/532 632/741/533 662/715/563
f 664/713/565 630/743/531 631/742/532 663/714/564
f 665/712/566 629/744/530 630/743/531 664/713/565
f 666/711/567 648/745/549 629/744/530 665/712/566
f 667/710/568 647/746/548 648/745/549 666/711/567
f 668/709/569 646/747/547 647/746/548 667/710/568
f 649/708/550 645/729/546 646/747/547 668/709/569
f 689/748/552 708/749/551 707/750/550 706/751/569 705/752/571 704/753/567 703/754/566 702/755/565 701/756/564 700/757/563 699/758/562 698/759/561 697/760/560 696/761/559 695/762/558 694/763/557 693/764/556 692/765/555 691/766/554 690/767/553
f 690/767/553 682/768/543 683/769/544 689/748/552
f 691/766/554 681/770/542 682/768/543 690/767/553
f 692/765/555 680/771/541 681/770/542 691/766/554
f 693/764/556 679/772/540 680/771/541 692/765/555
f 694/763/557 678/773/539 679/772/540 693/764/556
f 695/762/558 677/774/538 678/773/539 694/763/557
f 696/761/559 676/775/537 677/774/538 695/762/558
f 697/760/560 675/776/536 676/775/537 696/761/559
f 698/759/561 674/777/535 675/776/536 697/760/560
f 699/758/562 673/778/534 674/777/535 698/759/561
f 700/757/563 672/779/533 673/778/534 699/758/562
f 701/756/564 671/780/532 672/779/533 700/757/563
f 702/755/565 670/781/531 671/780/532 701/756/564
f 703/754/566 669/782/530 670/781/531 702/755/565
f 704/753/567 688/783/549 669/782/530 703/754/566
f 705/752/571 687/784/570 688/783/549 704/753/567
f 706/751/569 686/785/547 687/784/570 705/752/571
f 707/750/550 685/786/546 686/785/547 706/751/569
f 708/749/551 684/787/545 685/786/546 707/750/550
f 689/748/552 683/769/544 684/787/545 708/749/551
f 729/788/550 748/789/569 747/790/571 746/791/567 745/792/566 744/793/565 743/794/564 742/795/563 741/796/562 740/797/561 739/798/572 738/799/559 737/800/558 736/801/557 735/802/556 734/803/555 733/804/554 732/805/553 731/806/552 730/807/551
f 730/807/551 724/808/545 725/809/546 729/788/550
f 731/806/552 723/810/544 724/808/545 730/807/551
f 732/805/553 722/811/543 723/810/544 731/806/552
f 733/804/554 721/812/542 722/811/543 732/805/553
f 734/803/555 720/813/541 721/812/542 733/804/554
f 735/802/556 719/814/540 720/813/541 734/803/555
f 736/801/557 718/815/539 719/814/540 735/802/556
f 737/800/558 717/816/538 718/815/539 736/801/557
f 738/799/559 716/817/537 717/816/538 737/800/558
f 739/798/572 715/818/536 716/817/537 738/799/559
f 740/797/561 714/819/535 715/818/536 739/798/572
f 741/796/562 713/820/534 714/819/535 740/797/561
f 742/795/563 712/821/533 713/820/534 741/796/562
f 743/794/564 711/822/532 712/821/533 742/795/563
f 744/793/565 710/823/531 711/822/532 743/794/564
f 745/792/566 709/824/530 710/823/531 744/793/565
f 746/791/567 728/825/549 709/824/530 745/792/566
f 747/790/571 727/826/570 728/825/549 746/791/567
f 748/789/569 726/827/547 727/826/570 747/790/571
f 729/788/550 725/809/546 726/827/547 748/789/569
f 765/828/589 885/829/709 1134/830/958 908/831/732
f 885/829/709 756/832/580 886/833/710 1134/830/958
f 1134/830/958 886/833/710 750/834/574 900/835/724
f 908/831/732 1134/830/958 900/835/724 766/836/590
f 756/832/580 887/837/711 1135/838/959 886/833/710
f 887/837/711 755/839/579 883/840/707 1135/838/959
f 1135/838/959 883/840/707 749/841/573 888/842/712
f 886/833/710 1135/838/959 888/842/712 750/834/574
f 778/843/602 943/844/767 1136/845/960 906/846/730
f 943/844/767 779/847/603 891/848/715 1136/845/960
f 1136/845/960 891/848/715 754/849/578 882/850/706
f 906/846/730 1136/845/960 882/850/706 762/851/586
f 779/847/603 913/852/737 1137/853/961 891/848/715
f 913/852/737 780/854/604 981/855/805 1137/853/961
f 1137/853/961 981/855/805 753/856/577 881/857/705
f 891/848/715 1137/853/961 881/857/705 754/849/578
f 759/858/583 897/859/721 1138/860/962 904/861/728
f 897/859/721 752/862/576 894/863/718 1138/860/962
f 1138/860/962 894/863/718 756/832/580 885/829/709
f 904/861/728 1138/860/962 885/829/709 765/828/589
f 752/864/576 879/865/703 1139/866/963 894/867/718
f 879/865/703 751/868/575 893/869/717 1139/866/963
f 1139/866/963 893/869/717 755/870/579 887/871/711
f 894/867/718 1139/866/963 887/871/711 756/872/580
f 766/836/590 900/835/724 1140/873/964 902/874/726
f 900/835/724 750/834/574 896/875/720 1140/873/964
f 1140/873/964 896/875/720 758/876/582 890/877/714
f 902/874/726 1140/873/964 890/877/714 768/878/592
f 750/834/574 888/842/712 1141/879/965 896/875/720
f 888/842/712 749/841/573 895/880/719 1141/879/965
f 1141/879/965 895/880/719 757/881/581 892/882/716
f 896/875/720 1141/879/965 892/882/716 758/876/582
f 751/868/575 880/883/704 1142/884/966 893/869/717
f 880/883/704 760/885/584 905/886/729 1142/884/966
f 1142/884/966 905/886/729 763/887/587 899/888/723
f 893/869/717 1142/884/966 899/888/723 755/870/579
f 755/870/579 899/888/723 1143/889/967 883/890/707
f 899/888/723 763/887/587 909/891/733 1143/889/967
f 1143/889/967 909/891/733 764/892/588 884/893/708
f 883/890/707 1143/889/967 884/893/708 749/894/573
f 753/895/577 898/896/722 1144/897/968 881/898/705
f 898/896/722 761/899/585 910/900/734 1144/897/968
f 1144/897/968 910/900/734 762/901/586 882/902/706
f 881/898/705 1144/897/968 882/902/706 754/903/578
f 805/904/629 988/905/812 1145/906/969 982/907/806
f 988/905/812 807/908/631 978/909/802 1145/906/969
f 1145/906/969 978/909/802 777/910/601 945/911/769
f 982/907/806 1145/906/969 945/911/769 780/912/604
f 781/913/605 915/914/739 1146/915/970 914/916/738
f 915/914/739 782/917/606 916/918/740 1146/915/970
f 1146/915/970 916/918/740 783/919/607 917/920/741
f 914/916/738 1146/915/970 917/920/741 784/921/608
f 793/922/617 919/923/743 1147/924/971 918/925/742
f 919/923/743 794/926/618 920/927/744 1147/924/971
f 1147/924/971 920/927/744 795/928/619 921/929/745
f 918/925/742 1147/924/971 921/929/745 796/930/620
f 813/931/637 1004/932/828 1148/933/972 997/934/821
f 1004/932/828 814/935/638 924/936/748 1148/933/972
f 1148/933/972 924/936/748 770/937/594 925/938/749
f 997/934/821 1148/933/972 925/938/749 769/939/593
f 814/935/638 1003/940/827 1149/941/973 924/936/748
f 1003/940/827 815/942/639 927/943/751 1149/941/973
f 1149/941/973 927/943/751 771/944/595 928/945/752
f 924/936/748 1149/941/973 928/945/752 770/937/594
f 815/942/639 1002/946/826 1150/947/974 927/943/751
f 1002/946/826 816/948/640 930/949/754 1150/947/974
f 1150/947/974 930/949/754 772/950/596 931/951/755
f 927/943/751 1150/947/974 931/951/755 771/944/595
f 816/948/640 1001/952/825 1151/953/975 930/949/754
f 1001/952/825 813/931/637 997/934/821 1151/953/975
f 1151/953/975 997/934/821 769/939/593 933/954/757
f 930/949/754 1151/953/975 933/954/757 772/950/596
f 801/955/625 935/956/759 1152/957/976 934/958/758
f 935/956/759 802/959/626 936/960/760 1152/957/976
f 1152/957/976 936/960/760 774/961/598 923/962/747
f 934/958/758 1152/957/976 923/962/747 773/963/597
f 802/959/626 937/964/761 1153/965/977 936/960/760
f 937/964/761 803/966/627 938/967/762 1153/965/977
f 1153/965/977 938/967/762 775/968/599 926/969/750
f 936/960/760 1153/965/977 926/969/750 774/961/598
f 803/966/627 939/970/763 1154/971/978 938/967/762
f 939/970/763 804/972/628 940/973/764 1154/971/978
f 1154/971/978 940/973/764 776/974/600 929/975/753
f 938/967/762 1154/971/978 929/975/753 775/968/599
f 804/976/628 941/977/765 1155/978/979 940/979/764
f 941/977/765 801/980/625 934/981/758 1155/978/979
f 1155/978/979 934/981/758 773/982/597 932/983/756
f 940/979/764 1155/978/979 932/983/756 776/984/600
f 806/985/630 987/986/811 1156/987/980 912/988/736
f 987/986/811 808/989/632 979/990/803 1156/987/980
f 1156/987/980 979/990/803 779/847/603 943/844/767
f 912/988/736 1156/987/980 943/844/767 778/843/602
f 808/989/632 986/991/810 1157/992/981 979/990/803
f 986/991/810 805/993/629 982/994/806 1157/992/981
f 1157/992/981 982/994/806 780/854/604 913/852/737
f 979/990/803 1157/992/981 913/852/737 779/847/603
f 769/939/593 925/938/749 1158/995/982 947/996/771
f 925/938/749 770/937/594 948/997/772 1158/995/982
f 1158/995/982 948/997/772 782/998/606 915/999/739
f 947/996/771 1158/995/982 915/999/739 781/1000/605
f 770/937/594 928/945/752 1159/1001/983 948/997/772
f 928/945/752 771/944/595 949/1002/773 1159/1001/983
f 1159/1001/983 949/1002/773 783/1003/607 916/1004/740
f 948/997/772 1159/1001/983 916/1004/740 782/998/606
f 771/944/595 931/951/755 1160/1005/984 949/1002/773
f 931/951/755 772/950/596 950/1006/774 1160/1005/984
f 1160/1005/984 950/1006/774 784/1007/608 917/1008/741
f 949/1002/773 1160/1005/984 917/1008/741 783/1003/607
f 772/950/596 933/954/757 1161/1009/985 950/1006/774
f 933/954/757 769/939/593 947/996/771 1161/1009/985
f 1161/1009/985 947/996/771 781/1000/605 914/1010/738
f 950/1006/774 1161/1009/985 914/1010/738 784/1007/608
f 817/1011/641 1012/1012/836 1162/1013/986 1005/1014/829
f 1012/1012/836 818/1015/642 953/1016/777 1162/1013/986
f 1162/1013/986 953/1016/777 786/1017/610 954/1018/778
f 1005/1014/829 1162/1013/986 954/1018/778 785/1019/609
f 818/1015/642 1011/1020/835 1163/1021/987 953/1016/777
f 1011/1020/835 819/1022/643 956/1023/780 1163/1021/987
f 1163/1021/987 956/1023/780 787/1024/611 957/1025/781
f 953/1016/777 1163/1021/987 957/1025/781 786/1017/610
f 819/1022/643 1010/1026/834 1164/1027/988 956/1023/780
f 1010/1026/834 820/1028/644 959/1029/783 1164/1027/988
f 1164/1027/988 959/1029/783 788/1030/612 960/1031/784
f 956/1023/780 1164/1027/988 960/1031/784 787/1024/611
f 820/1028/644 1009/1032/833 1165/1033/989 959/1029/783
f 1009/1032/833 817/1011/641 1005/1014/829 1165/1033/989
f 1165/1033/989 1005/1014/829 785/1019/609 962/1034/786
f 959/1029/783 1165/1033/989 962/1034/786 788/1030/612
f 797/1035/621 964/1036/788 1166/1037/990 963/1038/787
f 964/1036/788 798/1039/622 965/1040/789 1166/1037/990
f 1166/1037/990 965/1040/789 790/1041/614 952/1042/776
f 963/1038/787 1166/1037/990 952/1042/776 789/1043/613
f 798/1039/622 966/1044/790 1167/1045/991 965/1040/789
f 966/1044/790 799/1046/623 967/1047/791 1167/1045/991
f 1167/1045/991 967/1047/791 791/1048/615 955/1049/779
f 965/1040/789 1167/1045/991 955/1049/779 790/1041/614
f 799/1046/623 968/1050/792 1168/1051/992 967/1047/791
f 968/1050/792 800/1052/624 969/1053/793 1168/1051/992
f 1168/1051/992 969/1053/793 792/1054/616 958/1055/782
f 967/1047/791 1168/1051/992 958/1055/782 791/1048/615
f 800/1052/624 970/1056/794 1169/1057/993 969/1053/793
f 970/1056/794 797/1035/621 963/1038/787 1169/1057/993
f 1169/1057/993 963/1038/787 789/1043/613 961/1058/785
f 969/1053/793 1169/1057/993 961/1058/785 792/1054/616
f 785/1019/609 954/1018/778 1170/1059/994 974/1060/798
f 954/1018/778 786/1017/610 975/1061/799 1170/1059/994
f 1170/1059/994 975/1061/799 794/1062/618 919/1063/743
f 974/1060/798 1170/1059/994 919/1063/743 793/1064/617
f 786/1017/610 957/1025/781 1171/1065/995 975/1061/799
f 957/1025/781 787/1024/611 976/1066/800 1171/1065/995
f 1171/1065/995 976/1066/800 795/1067/619 920/1068/744
f 975/1061/799 1171/1065/995 920/1068/744 794/1062/618
f 787/1024/611 960/1031/784 1172/1069/996 976/1066/800
f 960/1031/784 788/1030/612 977/1070/801 1172/1069/996
f 1172/1069/996 977/1070/801 796/1071/620 921/1072/745
f 976/1066/800 1172/1069/996 921/1072/745 795/1067/619
f 788/1030/612 962/1034/786 1173/1073/997 977/1070/801
f 962/1034/786 785/1019/609 974/1060/798 1173/1073/997
f 1173/1073/997 974/1060/798 793/1064/617 918/1074/742
f 977/1070/801 1173/1073/997 918/1074/742 796/1071/620
f 780/912/604 945/911/769 1174/1075/998 972/1076/796
f 945/911/769 777/910/601 971/1077/795 1174/1075/998
f 1174/1075/998 971/1077/795 798/1039/622 964/1036/788
f 972/1076/796 1174/1075/998 964/1036/788 797/1035/621
f 777/910/601 907/1078/731 1175/1079/999 971/1077/795
f 907/1078/731 761/899/585 973/1080/797 1175/1079/999
f 1175/1079/999 973/1080/797 799/1046/623 966/1044/790
f 971/1077/795 1175/1079/999 966/1044/790 798/1039/622
f 761/899/585 898/896/722 1176/1081/1000 973/1080/797
f 898/896/722 753/895/577 942/1082/766 1176/1081/1000
f 1176/1081/1000 942/1082/766 800/1052/624 968/1050/792
f 973/1080/797 1176/1081/1000 968/1050/792 799/1046/623
f 753/856/577 981/855/805 1177/1083/1001 942/1084/766
f 981/855/805 780/854/604 972/1085/796 1177/1083/1001
f 1177/1083/1001 972/1085/796 797/1086/621 970/1087/794
f 942/1084/766 1177/1083/1001 970/1087/794 800/1088/624
f 809/1089/633 996/1090/820 1178/1091/1002 989/1092/813
f 996/1090/820 811/1093/635 946/1094/770 1178/1091/1002
f 1178/1091/1002 946/1094/770 802/959/626 935/956/759
f 989/1092/813 1178/1091/1002 935/956/759 801/955/625
f 811/1093/635 995/1095/819 1179/1096/1003 946/1094/770
f 995/1095/819 810/1097/634 944/1098/768 1179/1096/1003
f 1179/1096/1003 944/1098/768 803/966/627 937/964/761
f 946/1094/770 1179/1096/1003 937/964/761 802/959/626
f 810/1097/634 994/1099/818 1180/1100/1004 944/1098/768
f 994/1099/818 812/1101/636 980/1102/804 1180/1100/1004
f 1180/1100/1004 980/1102/804 804/972/628 939/970/763
f 944/1098/768 1180/1100/1004 939/970/763 803/966/627
f 812/1103/636 993/1104/817 1181/1105/1005 980/1106/804
f 993/1104/817 809/1107/633 989/1108/813 1181/1105/1005
f 1181/1105/1005 989/1108/813 801/980/625 941/977/765
f 980/1106/804 1181/1105/1005 941/977/765 804/976/628
f 758/876/582 892/882/716 1182/1109/1006 985/1110/809
f 892/882/716 757/881/581 889/1111/713 1182/1109/1006
f 1182/1109/1006 889/1111/713 805/993/629 986/991/810
f 985/1110/809 1182/1109/1006 986/991/810 808/989/632
f 768/878/592 890/877/714 1183/1112/1007 983/1113/807
f 890/877/714 758/876/582 985/1110/809 1183/1112/1007
f 1183/1112/1007 985/1110/809 808/989/632 987/986/811
f 983/1113/807 1183/1112/1007 987/986/811 806/985/630
f 757/1114/581 901/1115/725 1184/1116/1008 889/1117/713
f 901/1115/725 767/1118/591 984/1119/808 1184/1116/1008
f 1184/1116/1008 984/1119/808 807/908/631 988/905/812
f 889/1117/713 1184/1116/1008 988/905/812 805/904/629
f 757/881/581 895/880/719 1185/1120/1009 992/1121/816
f 895/880/719 749/841/573 911/1122/735 1185/1120/1009
f 1185/1120/1009 911/1122/735 809/1107/633 993/1104/817
f 992/1121/816 1185/1120/1009 993/1104/817 812/1103/636
f 767/1118/591 901/1115/725 1186/1123/1010 990/1124/814
f 901/1115/725 757/1114/581 992/1125/816 1186/1123/1010
f 1186/1123/1010 992/1125/816 812/1101/636 994/1099/818
f 990/1124/814 1186/1123/1010 994/1099/818 810/1097/634
f 764/892/588 903/1126/727 1187/1127/1011 991/1128/815
f 903/1126/727 767/1118/591 990/1124/814 1187/1127/1011
f 1187/1127/1011 990/1124/814 810/1097/634 995/1095/819
f 991/1128/815 1187/1127/1011 995/1095/819 811/1093/635
f 749/894/573 884/893/708 1188/1129/1012 911/1130/735
f 884/893/708 764/892/588 991/1128/815 1188/1129/1012
f 1188/1129/1012 991/1128/815 811/1093/635 996/1090/820
f 911/1130/735 1188/1129/1012 996/1090/820 809/1089/633
f 776/974/600 932/1131/756 1189/1132/1013 1000/1133/824
f 932/1131/756 773/963/597 922/1134/746 1189/1132/1013
f 1189/1132/1013 922/1134/746 813/931/637 1001/952/825
f 1000/1133/824 1189/1132/1013 1001/952/825 816/948/640
f 775/968/599 929/975/753 1190/1135/1014 999/1136/823
f 929/975/753 776/974/600 1000/1133/824 1190/1135/1014
f 1190/1135/1014 1000/1133/824 816/948/640 1002/946/826
f 999/1136/823 1190/1135/1014 1002/946/826 815/942/639
f 774/961/598 926/969/750 1191/1137/1015 998/1138/822
f 926/969/750 775/968/599 999/1136/823 1191/1137/1015
f 1191/1137/1015 999/1136/823 815/942/639 1003/940/827
f 998/1138/822 1191/1137/1015 1003/940/827 814/935/638
f 773/963/597 923/962/747 1192/1139/1016 922/1134/746
f 923/962/747 774/961/598 998/1138/822 1192/1139/1016
f 1192/1139/1016 998/1138/822 814/935/638 1004/932/828
f 922/1134/746 1192/1139/1016 1004/932/828 813/931/637
f 792/1054/616 961/1058/785 1193/1140/1017 1008/1141/832
f 961/1058/785 789/1043/613 951/1142/775 1193/1140/1017
f 1193/1140/1017 951/1142/775 817/1011/641 1009/1032/833
f 1008/1141/832 1193/1140/1017 1009/1032/833 820/1028/644
f 791/1048/615 958/1055/782 1194/1143/1018 1007/1144/831
f 958/1055/782 792/1054/616 1008/1141/832 1194/1143/1018
f 1194/1143/1018 1008/1141/832 820/1028/644 1010/1026/834
f 1007/1144/831 1194/1143/1018 1010/1026/834 819/1022/643
f 790/1041/614 955/1049/779 1195/1145/1019 1006/1146/830
f 955/1049/779 791/1048/615 1007/1144/831 1195/1145/1019
f 1195/1145/1019 1007/1144/831 819/1022/643 1011/1020/835
f 1006/1146/830 1195/1145/1019 1011/1020/835 818/1015/642
f 789/1043/613 952/1042/776 1196/1147/1020 951/1142/775
f 952/1042/776 790/1041/614 1006/1146/830 1196/1147/1020
f 1196/1147/1020 1006/1146/830 818/1015/642 1012/1012/836
f 951/1142/775 1196/1147/1020 1012/1012/836 817/1011/641
f 765/828/589 908/831/732 1197/1148/1021 1019/1149/843
f 908/831/732 766/836/590 1034/1150/858 1197/1148/1021
f 1197/1148/1021 1034/1150/858 822/1151/646 1020/1152/844
f 1019/1149/843 1197/1148/1021 1020/1152/844 828/1153/652
f 828/1153/652 1020/1152/844 1198/1154/1022 1021/1155/845
f 1020/1152/844 822/1151/646 1022/1156/846 1198/1154/1022
f 1198/1154/1022 1022/1156/846 821/1157/645 1017/1158/841
f 1021/1155/845 1198/1154/1022 1017/1158/841 827/1159/651
f 778/843/602 906/846/730 1199/1160/1023 1067/1161/891
f 906/846/730 762/851/586 1016/1162/840 1199/1160/1023
f 1199/1160/1023 1016/1162/840 826/1163/650 1025/1164/849
f 1067/1161/891 1199/1160/1023 1025/1164/849 839/1165/663
f 839/1165/663 1025/1164/849 1200/1166/1024 1037/1167/861
f 1025/1164/849 826/1163/650 1015/1168/839 1200/1166/1024
f 1200/1166/1024 1015/1168/839 825/1169/649 1104/1170/928
f 1037/1167/861 1200/1166/1024 1104/1170/928 840/1171/664
f 759/858/583 904/861/728 1201/1172/1025 1031/1173/855
f 904/861/728 765/828/589 1019/1149/843 1201/1172/1025
f 1201/1172/1025 1019/1149/843 828/1153/652 1028/1174/852
f 1031/1173/855 1201/1172/1025 1028/1174/852 824/1175/648
f 824/1176/648 1028/1177/852 1202/1178/1026 1013/1179/837
f 1028/1177/852 828/1180/652 1021/1181/845 1202/1178/1026
f 1202/1178/1026 1021/1181/845 827/1182/651 1027/1183/851
f 1013/1179/837 1202/1178/1026 1027/1183/851 823/1184/647
f 766/836/590 902/874/726 1203/1185/1027 1034/1150/858
f 902/874/726 768/878/592 1024/1186/848 1203/1185/1027
f 1203/1185/1027 1024/1186/848 830/1187/654 1030/1188/854
f 1034/1150/858 1203/1185/1027 1030/1188/854 822/1151/646
f 822/1151/646 1030/1188/854 1204/1189/1028 1022/1156/846
f 1030/1188/854 830/1187/654 1026/1190/850 1204/1189/1028
f 1204/1189/1028 1026/1190/850 829/1191/653 1029/1192/853
f 1022/1156/846 1204/1189/1028 1029/1192/853 821/1157/645
f 823/1184/647 1027/1183/851 1205/1193/1029 1014/1194/838
f 1027/1183/851 827/1182/651 1033/1195/857 1205/1193/1029
f 1205/1193/1029 1033/1195/857 763/887/587 905/886/729
f 1014/1194/838 1205/1193/1029 905/886/729 760/885/584
f 827/1182/651 1017/1196/841 1206/1197/1030 1033/1195/857
f 1017/1196/841 821/1198/645 1018/1199/842 1206/1197/1030
f 1206/1197/1030 1018/1199/842 764/892/588 909/891/733
f 1033/1195/857 1206/1197/1030 909/891/733 763/887/587
f 825/1200/649 1015/1201/839 1207/1202/1031 1032/1203/856
f 1015/1201/839 826/1204/650 1016/1205/840 1207/1202/1031
f 1207/1202/1031 1016/1205/840 762/901/586 910/900/734
f 1032/1203/856 1207/1202/1031 910/900/734 761/899/585
f 865/1206/689 1105/1207/929 1208/1208/1032 1109/1209/933
f 1105/1207/929 840/1210/664 1069/1211/893 1208/1208/1032
f 1208/1208/1032 1069/1211/893 777/910/601 978/909/802
f 1109/1209/933 1208/1208/1032 978/909/802 807/908/631
f 841/1212/665 1038/1213/862 1209/1214/1033 1039/1215/863
f 1038/1213/862 844/1216/668 1041/1217/865 1209/1214/1033
f 1209/1214/1033 1041/1217/865 843/1218/667 1040/1219/864
f 1039/1215/863 1209/1214/1033 1040/1219/864 842/1220/666
f 853/1221/677 1042/1222/866 1210/1223/1034 1043/1224/867
f 1042/1222/866 856/1225/680 1045/1226/869 1210/1223/1034
f 1210/1223/1034 1045/1226/869 855/1227/679 1044/1228/868
f 1043/1224/867 1210/1223/1034 1044/1228/868 854/1229/678
f 871/1230/695 1118/1231/942 1211/1232/1035 1125/1233/949
f 1118/1231/942 831/1234/655 1049/1235/873 1211/1232/1035
f 1211/1232/1035 1049/1235/873 832/1236/656 1048/1237/872
f 1125/1233/949 1211/1232/1035 1048/1237/872 872/1238/696
f 872/1238/696 1048/1237/872 1212/1239/1036 1124/1240/948
f 1048/1237/872 832/1236/656 1052/1241/876 1212/1239/1036
f 1212/1239/1036 1052/1241/876 833/1242/657 1051/1243/875
f 1124/1240/948 1212/1239/1036 1051/1243/875 873/1244/697
f 873/1244/697 1051/1243/875 1213/1245/1037 1123/1246/947
f 1051/1243/875 833/1242/657 1055/1247/879 1213/1245/1037
f 1213/1245/1037 1055/1247/879 834/1248/658 1054/1249/878
f 1123/1246/947 1213/1245/1037 1054/1249/878 874/1250/698
f 874/1250/698 1054/1249/878 1214/1251/1038 1122/1252/946
f 1054/1249/878 834/1248/658 1057/1253/881 1214/1251/1038
f 1214/1251/1038 1057/1253/881 831/1234/655 1118/1231/942
f 1122/1252/946 1214/1251/1038 1118/1231/942 871/1230/695
f 861/1254/685 1058/1255/882 1215/1256/1039 1059/1257/883
f 1058/1255/882 835/1258/659 1047/1259/871 1215/1256/1039
f 1215/1256/1039 1047/1259/871 836/1260/660 1060/1261/884
f 1059/1257/883 1215/1256/1039 1060/1261/884 862/1262/686
f 862/1262/686 1060/1261/884 1216/1263/1040 1061/1264/885
f 1060/1261/884 836/1260/660 1050/1265/874 1216/1263/1040
f 1216/1263/1040 1050/1265/874 837/1266/661 1062/1267/886
f 1061/1264/885 1216/1263/1040 1062/1267/886 863/1268/687
f 863/1268/687 1062/1267/886 1217/1269/1041 1063/1270/887
f 1062/1267/886 837/1266/661 1053/1271/877 1217/1269/1041
f 1217/1269/1041 1053/1271/877 838/1272/662 1064/1273/888
f 1063/1270/887 1217/1269/1041 1064/1273/888 864/1274/688
f 864/1275/688 1064/1276/888 1218/1277/1042 1065/1278/889
f 1064/1276/888 838/1279/662 1056/1280/880 1218/1277/1042
f 1218/1277/1042 1056/1280/880 835/1281/659 1058/1282/882
f 1065/1278/889 1218/1277/1042 1058/1282/882 861/1283/685
f 806/985/630 912/988/736 1219/1284/1043 1108/1285/932
f 912/988/736 778/843/602 1067/1161/891 1219/1284/1043
f 1219/1284/1043 1067/1161/891 839/1165/663 1102/1286/926
f 1108/1285/932 1219/1284/1043 1102/1286/926 866/1287/690
f 866/1287/690 1102/1286/926 1220/1288/1044 1107/1289/931
f 1102/1286/926 839/1165/663 1037/1167/861 1220/1288/1044
f 1220/1288/1044 1037/1167/861 840/1171/664 1105/1290/929
f 1107/1289/931 1220/1288/1044 1105/1290/929 865/1291/689
f 831/1234/655 1071/1292/895 1221/1293/1045 1049/1235/873
f 1071/1292/895 841/1294/665 1039/1295/863 1221/1293/1045
f 1221/1293/1045 1039/1295/863 842/1296/666 1072/1297/896
f 1049/1235/873 1221/1293/1045 1072/1297/896 832/1236/656
f 832/1236/656 1072/1297/896 1222/1298/1046 1052/1241/876
f 1072/1297/896 842/1296/666 1040/1299/864 1222/1298/1046
f 1222/1298/1046 1040/1299/864 843/1300/667 1073/1301/897
f 1052/1241/876 1222/1298/1046 1073/1301/897 833/1242/657
f 833/1242/657 1073/1301/897 1223/1302/1047 1055/1247/879
f 1073/1301/897 843/1300/667 1041/1303/865 1223/1302/1047
f 1223/1302/1047 1041/1303/865 844/1304/668 1074/1305/898
f 1055/1247/879 1223/1302/1047 1074/1305/898 834/1248/658
f 834/1248/658 1074/1305/898 1224/1306/1048 1057/1253/881
f 1074/1305/898 844/1304/668 1038/1307/862 1224/1306/1048
f 1224/1306/1048 1038/1307/862 841/1294/665 1071/1292/895
f 1057/1253/881 1224/1306/1048 1071/1292/895 831/1234/655
f 875/1308/699 1126/1309/950 1225/1310/1049 1133/1311/957
f 1126/1309/950 845/1312/669 1078/1313/902 1225/1310/1049
f 1225/1310/1049 1078/1313/902 846/1314/670 1077/1315/901
f 1133/1311/957 1225/1310/1049 1077/1315/901 876/1316/700
f 876/1316/700 1077/1315/901 1226/1317/1050 1132/1318/956
f 1077/1315/901 846/1314/670 1081/1319/905 1226/1317/1050
f 1226/1317/1050 1081/1319/905 847/1320/671 1080/1321/904
f 1132/1318/956 1226/1317/1050 1080/1321/904 877/1322/701
f 877/1322/701 1080/1321/904 1227/1323/1051 1131/1324/955
f 1080/1321/904 847/1320/671 1084/1325/908 1227/1323/1051
f 1227/1323/1051 1084/1325/908 848/1326/672 1083/1327/907
f 1131/1324/955 1227/1323/1051 1083/1327/907 878/1328/702
f 878/1328/702 1083/1327/907 1228/1329/1052 1130/1330/954
f 1083/1327/907 848/1326/672 1086/1331/910 1228/1329/1052
f 1228/1329/1052 1086/1331/910 845/1312/669 1126/1309/950
f 1130/1330/954 1228/1329/1052 1126/1309/950 875/1308/699
f 857/1332/681 1087/1333/911 1229/1334/1053 1088/1335/912
f 1087/1333/911 849/1336/673 1076/1337/900 1229/1334/1053
f 1229/1334/1053 1076/1337/900 850/1338/674 1089/1339/913
f 1088/1335/912 1229/1334/1053 1089/1339/913 858/1340/682
f 858/1340/682 1089/1339/913 1230/1341/1054 1090/1342/914
f 1089/1339/913 850/1338/674 1079/1343/903 1230/1341/1054
f 1230/1341/1054 1079/1343/903 851/1344/675 1091/1345/915
f 1090/1342/914 1230/1341/1054 1091/1345/915 859/1346/683
f 859/1346/683 1091/1345/915 1231/1347/1055 1092/1348/916
f 1091/1345/915 851/1344/675 1082/1349/906 1231/1347/1055
f 1231/1347/1055 1082/1349/906 852/1350/676 1093/1351/917
f 1092/1348/916 1231/1347/1055 1093/1351/917 860/1352/684
f 860/1352/684 1093/1351/917 1232/1353/1056 1094/1354/918
f 1093/1351/917 852/1350/676 1085/1355/909 1232/1353/1056
f 1232/1353/1056 1085/1355/909 849/1336/673 1087/1333/911
f 1094/1354/918 1232/1353/1056 1087/1333/911 857/1332/681
f 845/1312/669 1098/1356/922 1233/1357/1057 1078/1313/902
f 1098/1356/922 853/1358/677 1043/1359/867 1233/1357/1057
f 1233/1357/1057 1043/1359/867 854/1360/678 1099/1361/923
f 1078/1313/902 1233/1357/1057 1099/1361/923 846/1314/670
f 846/1314/670 1099/1361/923 1234/1362/1058 1081/1319/905
f 1099/1361/923 854/1360/678 1044/1363/868 1234/1362/1058
f 1234/1362/1058 1044/1363/868 855/1364/679 1100/1365/924
f 1081/1319/905 1234/1362/1058 1100/1365/924 847/1320/671
f 847/1320/671 1100/1365/924 1235/1366/1059 1084/1325/908
f 1100/1365/924 855/1364/679 1045/1367/869 1235/1366/1059
f 1235/1366/1059 1045/1367/869 856/1368/680 1101/1369/925
f 1084/1325/908 1235/1366/1059 1101/1369/925 848/1326/672
f 848/1326/672 1101/1369/925 1236/1370/1060 1086/1331/910
f 1101/1369/925 856/1368/680 1042/1371/866 1236/1370/1060
f 1236/1370/1060 1042/1371/866 853/1358/677 1098/1356/922
f 1086/1331/910 1236/1370/1060 1098/1356/922 845/1312/669
f 840/1210/664 1096/1372/920 1237/1373/1061 1069/1211/893
f 1096/1372/920 857/1332/681 1088/1335/912 1237/1373/1061
f 1237/1373/1061 1088/1335/912 858/1340/682 1095/1374/919
f 1069/1211/893 1237/1373/1061 1095/1374/919 777/910/601
f 777/910/601 1095/1374/919 1238/1375/1062 907/1078/731
f 1095/1374/919 858/1340/682 1090/1342/914 1238/1375/1062
f 1238/1375/1062 1090/1342/914 859/1346/683 1097/1376/921
f 907/1078/731 1238/1375/1062 1097/1376/921 761/899/585
f 761/899/585 1097/1376/921 1239/1377/1063 1032/1203/856
f 1097/1376/921 859/1346/683 1092/1348/916 1239/1377/1063
f 1239/1377/1063 1092/1348/916 860/1352/684 1066/1378/890
f 1032/1203/856 1239/1377/1063 1066/1378/890 825/1200/649
f 825/1169/649 1066/1379/890 1240/1380/1064 1104/1170/928
f 1066/1379/890 860/1381/684 1094/1382/918 1240/1380/1064
f 1240/1380/1064 1094/1382/918 857/1383/681 1096/1384/920
f 1104/1170/928 1240/1380/1064 1096/1384/920 840/1171/664
f 867/1385/691 1110/1386/934 1241/1387/1065 1117/1388/941
f 1110/1386/934 861/1254/685 1059/1257/883 1241/1387/1065
f 1241/1387/1065 1059/1257/883 862/1262/686 1070/1389/894
f 1117/1388/941 1241/1387/1065 1070/1389/894 869/1390/693
f 869/1390/693 1070/1389/894 1242/1391/1066 1116/1392/940
f 1070/1389/894 862/1262/686 1061/1264/885 1242/1391/1066
f 1242/1391/1066 1061/1264/885 863/1268/687 1068/1393/892
f 1116/1392/940 1242/1391/1066 1068/1393/892 868/1394/692
f 868/1394/692 1068/1393/892 1243/1395/1067 1115/1396/939
f 1068/1393/892 863/1268/687 1063/1270/887 1243/1395/1067
f 1243/1395/1067 1063/1270/887 864/1274/688 1103/1397/927
f 1115/1396/939 1243/1395/1067 1103/1397/927 870/1398/694
f 870/1399/694 1103/1400/927 1244/1401/1068 1114/1402/938
f 1103/1400/927 864/1275/688 1065/1278/889 1244/1401/1068
f 1244/1401/1068 1065/1278/889 861/1283/685 1110/1403/934
f 1114/1402/938 1244/1401/1068 1110/1403/934 867/1404/691
f 830/1187/654 1106/1405/930 1245/1406/1069 1026/1190/850
f 1106/1405/930 866/1287/690 1107/1289/931 1245/1406/1069
f 1245/1406/1069 1107/1289/931 865/1291/689 1023/1407/847
f 1026/1190/850 1245/1406/1069 1023/1407/847 829/1191/653
f 768/878/592 983/1113/807 1246/1408/1070 1024/1186/848
f 983/1113/807 806/985/630 1108/1285/932 1246/1408/1070
f 1246/1408/1070 1108/1285/932 866/1287/690 1106/1405/930
f 1024/1186/848 1246/1408/1070 1106/1405/930 830/1187/654
f 829/1409/653 1023/1410/847 1247/1411/1071 1035/1412/859
f 1023/1410/847 865/1206/689 1109/1209/933 1247/1411/1071
f 1247/1411/1071 1109/1209/933 807/908/631 984/1119/808
f 1035/1412/859 1247/1411/1071 984/1119/808 767/1118/591
f 829/1191/653 1113/1413/937 1248/1414/1072 1029/1192/853
f 1113/1413/937 870/1399/694 1114/1402/938 1248/1414/1072
f 1248/1414/1072 1114/1402/938 867/1404/691 1036/1415/860
f 1029/1192/853 1248/1414/1072 1036/1415/860 821/1157/645
f 767/1118/591 1111/1416/935 1249/1417/1073 1035/1412/859
f 1111/1416/935 868/1394/692 1115/1396/939 1249/1417/1073
f 1249/1417/1073 1115/1396/939 870/1398/694 1113/1418/937
f 1035/1412/859 1249/1417/1073 1113/1418/937 829/1409/653
f 764/892/588 1112/1419/936 1250/1420/1074 903/1126/727
f 1112/1419/936 869/1390/693 1116/1392/940 1250/1420/1074
f 1250/1420/1074 1116/1392/940 868/1394/692 1111/1416/935
f 903/1126/727 1250/1420/1074 1111/1416/935 767/1118/591
f 821/1198/645 1036/1421/860 1251/1422/1075 1018/1199/842
f 1036/1421/860 867/1385/691 1117/1388/941 1251/1422/1075
f 1251/1422/1075 1117/1388/941 869/1390/693 1112/1419/936
f 1018/1199/842 1251/1422/1075 1112/1419/936 764/892/588
f 838/1272/662 1121/1423/945 1252/1424/1076 1056/1425/880
f 1121/1423/945 874/1250/698 1122/1252/946 1252/1424/1076
f 1252/1424/1076 1122/1252/946 871/1230/695 1046/1426/870
f 1056/1425/880 1252/1424/1076 1046/1426/870 835/1258/659
f 837/1266/661 1120/1427/944 1253/1428/1077 1053/1271/877
f 1120/1427/944 873/1244/697 1123/1246/947 1253/1428/1077
f 1253/1428/1077 1123/1246/947 874/1250/698 1121/1423/945
f 1053/1271/877 1253/1428/1077 1121/1423/945 838/1272/662
f 836/1260/660 1119/1429/943 1254/1430/1078 1050/1265/874
f 1119/1429/943 872/1238/696 1124/1240/948 1254/1430/1078
f 1254/1430/1078 1124/1240/948 873/1244/697 1120/1427/944
f 1050/1265/874 1254/1430/1078 1120/1427/944 837/1266/661
f 835/1258/659 1046/1426/870 1255/1431/1079 1047/1259/871
f 1046/1426/870 871/1230/695 1125/1233/949 1255/1431/1079
f 1255/1431/1079 1125/1233/949 872/1238/696 1119/1429/943
f 1047/1259/871 1255/1431/1079 1119/1429/943 836/1260/660
f 852/1350/676 1129/1432/953 1256/1433/1080 1085/1355/909
f 1129/1432/953 878/1328/702 1130/1330/954 1256/1433/1080
f 1256/1433/1080 1130/1330/954 875/1308/699 1075/1434/899
f 1085/1355/909 1256/1433/1080 1075/1434/899 849/1336/673
f 851/1344/675 1128/1435/952 1257/1436/1081 1082/1349/906
f 1128/1435/952 877/1322/701 1131/1324/955 1257/1436/1081
f 1257/1436/1081 1131/1324/955 878/1328/702 1129/1432/953
f 1082/1349/906 1257/1436/1081 1129/1432/953 852/1350/676
f 850/1338/674 1127/1437/951 1258/1438/1082 1079/1343/903
f 1127/1437/951 876/1316/700 1132/1318/956 1258/1438/1082
f 1258/1438/1082 1132/1318/956 877/1322/701 1128/1435/952
f 1079/1343/903 1258/1438/1082 1128/1435/952 851/1344/675
f 849/1336/673 1075/1434/899 1259/1439/1083 1076/1337/900
f 1075/1434/899 875/1308/699 1133/1311/957 1259/1439/1083
f 1259/1439/1083 1133/1311/957 876/1316/700 1127/1437/951
f 1076/1337/900 1259/1439/1083 1127/1437/951 850/1338/674
f 1260/1440/1084 1269/1441/1093 1280/1442/1104 1268/1443/1092
f 1269/1441/1093 1261/1444/1085 1270/1445/1094 1280/1442/1104
f 1280/1442/1104 1270/1445/1094 1263/1446/1087 1271/1447/1095
f 1268/1443/1092 1280/1442/1104 1271/1447/1095 1262/1448/1086
f 1266/1449/1090 1274/1450/1098 1281/1451/1105 1275/1452/1099
f 1274/1450/1098 1267/1453/1091 1276/1454/1100 1281/1451/1105
f 1281/1451/1105 1276/1454/1100 1265/1455/1089 1277/1456/1101
f 1275/1452/1099 1281/1451/1105 1277/1456/1101 1264/1457/1088
f 1264/1457/1088 1277/1456/1101 1282/1458/1106 1278/1459/1102
f 1277/1456/1101 1265/1455/1089 1279/1460/1103 1282/1458/1106
f 1282/1458/1106 1279/1460/1103 1261/1444/1085 1269/1441/1093
f 1278/1459/1102 1282/1458/1106 1269/1441/1093 1260/1440/1084
f 1262/1448/1086 1272/1461/1096 1283/1462/1107 1268/1443/1092
f 1272/1461/1096 1266/1449/1090 1275/1452/1099 1283/1462/1107
f 1283/1462/1107 1275/1452/1099 1264/1457/1088 1278/1459/1102
f 1268/1443/1092 1283/1462/1107 1278/1459/1102 1260/1440/1084
f 1267/1463/1091 1273/1464/1097 1284/1465/1108 1276/1466/1100
f 1273/1464/1097 1263/1467/1087 1270/1468/1094 1284/1465/1108
f 1284/1465/1108 1270/1468/1094 1261/1469/1085 1279/1470/1103
f 1276/1466/1100 1284/1465/1108 1279/1470/1103 1265/1471/1089
f 1285/1472/1109 1294/1473/1118 1305/1474/1129 1293/1475/1117
f 1294/1473/1118 1286/1476/1110 1295/1477/1119 1305/1474/1129
f 1305/1474/1129 1295/1477/1119 1288/1478/1112 1296/1479/1120
f 1293/1475/1117 1305/1474/1129 1296/1479/1120 1287/1480/1111
f 1289/1481/1113 1297/1482/1121 1306/1474/1130 1298/1483/1122
f 1297/1482/1121 1291/1484/1115 1300/1485/1124 1306/1474/1130
f 1306/1474/1130 1300/1485/1124 1292/1486/1116 1299/1487/1123
f 1298/1483/1122 1306/1474/1130 1299/1487/1123 1290/1488/1114
f 1285/1472/1109 1293/1475/1117 1307/1489/1131 1301/1490/1125
f 1293/1475/1117 1287/1480/1111 1303/1491/1127 1307/1489/1131
f 1307/1489/1131 1303/1491/1127 1291/1484/1115 1297/1482/1121
f 1301/1490/1125 1307/1489/1131 1297/1482/1121 1289/1481/1113
f 1286/1476/1110 1294/1473/1118 1308/1492/1132 1302/1493/1126
f 1294/1473/1118 1285/1472/1109 1301/1490/1125 1308/1492/1132
f 1308/1492/1132 1301/1490/1125 1289/1481/1113 1298/1483/1122
f 1302/1493/1126 1308/1492/1132 1298/1483/1122 1290/1488/1114
f 1288/1478/1112 1295/1477/1119 1309/1494/1133 1304/1495/1128
f 1295/1477/1119 1286/1476/1110 1302/1493/1126 1309/1494/1133
f 1309/1494/1133 1302/1493/1126 1290/1488/1114 1299/1487/1123
f 1304/1495/1128 1309/1494/1133 1299/1487/1123 1292/1486/1116
f 1287/1480/1111 1296/1479/1120 1310/1496/1134 1303/1491/1127
f 1296/1479/1120 1288/1478/1112 1304/1495/1128 1310/1496/1134
f 1310/1496/1134 1304/1495/1128 1292/1486/1116 1300/1485/1124
f 1303/1491/1127 1310/1496/1134 1300/1485/1124 1291/1484/1115
